,avgTotalVolume,change,changePercent,close,delayedPrice,extendedChange,extendedChangePercent,extendedPrice,high,iexMarketPercent,iexRealtimePrice,iexRealtimeSize,iexVolume,latestPrice,latestVolume,low,marketCap,open,peRatio,previousClose,previousVolume,volume,week52High,week52Low,ytdChange,avg10Volume,avg30Volume,beta,day200MovingAvg,day30ChangePercent,day50MovingAvg,day5ChangePercent,marketcap,maxChangePercent,month1ChangePercent,month3ChangePercent,month6ChangePercent,sharesOutstanding,ttmEPS,week52change,week52high,week52low,year1ChangePercent,year2ChangePercent,year5ChangePercent,ytdChangePercent,target,predictions
2166685,22257649.0,-21.06,-0.02907,140.696,139.922,-12.73,-0.0181,138.15,141.4,0.009862089856588001,140.648,164.0,124334.0,140.696,12607267.0,136.85399999999998,129713973720.0,138.4,-141.03,144.908,10852657.0,12607267.0,193.798,35.398,0.654888999999999,18169789.2,22257648.57,1.515722781891355,70.88,0.26623600000000003,127.022,0.08465700000000001,133597206060.0,29.3282,-0.032604999999999995,1.157075,2.185491,184389000.0,-4.9881,1.6228639999999992,193.798,35.398,1.6228639999999999,1.1735,2.6113,0.683959,121.6,
2166839,69888274.0,-12.42,-0.026920000000000003,448.88,448.45,-2.13,-0.004750000000000001,446.75,456.57,0.036614997126863,449.01,20.0,1300516.0,448.88,35537639.0,442.5,419047435200.0,450.93,1106.16,461.3,48045394.0,35537639.0,502.49,50.04,4.333792000000001,44981519.7,69888274.1,1.285790441346363,225.13,0.031138,399.77,0.083067,430642002000.0,39.2198,0.025658,0.491905,2.160325,933540000.0,0.4058,7.943389,502.49,50.04,7.943735999999999,1.8853,2.5897,4.360712,439.67,
2166807,14315549.0,-25.35,-0.01132,442.68000000000006,443.14,3.59,0.00162,443.398,463.698,0.008988075236291,443.11400000000003,100.0,180307.0,442.68000000000006,20060691.0,437.30400000000003,412493650800.0,459.53400000000005,1090.99,447.75,23693043.0,20060691.0,463.698,42.462,4.191928999999999,17225605.3,14315548.57,1.1916315740882972,167.30599999999995,0.49166499999999996,296.884,0.092084,417217927500.0,39.2198,0.516265,1.77826,2.3514720000000002,186362000.0,2.0288,9.384294,459.12,42.462,9.384294,1.8853,2.5897,4.203249,498.32,
2166751,13720678.0,84.38,0.0897,205.01,203.776,-15.55,-0.01517,201.9,205.496,0.010024619312981,204.18,1.0,183498.0,205.01,18474965.0,196.5,190122173800.0,198.294,-1217.69,188.13400000000001,11388154.0,18474965.0,205.496,41.502,1.275983,10950066.6,13720677.53,1.1543021521538668,101.654,0.223047,149.014,0.06536,174471708920.0,38.7622,0.159474,0.457657,1.696566,185476000.0,-0.8418,3.418781,193.798,41.502,3.418781,1.8603,2.7106,1.186283,194.568,
2166770,12242751.0,-23.98,-0.01725,273.17600000000004,274.69800000000004,-3.93,-0.00288,272.39000000000004,283.452,0.008705054119783001,273.124,100.0,141136.0,273.17600000000004,16232729.0,262.268,253337958880.0,281.12800000000004,-1622.57,277.972,21489661.0,16232729.0,285.9000000000001,42.2,2.2130289999999992,13401576.2,12242750.8,1.168815502837469,117.248,0.6972900000000001,181.706,0.287134,257785673360.0,39.2198,0.463134,1.532359,1.824115,185476000.0,-0.8418,5.03395,285.9000000000001,42.2,5.03395,1.8853,2.5897,2.230279,278.856,
2166796,15128674.0,66.24,0.0426,324.2000000000001,327.598,14.0,0.00864,327.0,330.2360000000001,0.00509382304877,324.1140000000001,50.0,102314.0,324.2000000000001,20189947.0,313.452,302092802000.0,322.7460000000001,798.99,310.952,21898834.0,20189947.0,358.99800000000016,42.2,2.656136,9500601.5,15128673.7,1.2021185232166491,149.518,0.388637,253.154,0.043757,289748183120.0,39.2198,0.038542,0.9656620000000001,0.933781,186362000.0,2.0288,5.6160000000000005,358.99800000000016,42.2,5.6160000000000005,1.8853,2.5897,2.613536,330.14200000000005,
2166833,82196723.0,-11.7,-0.02749,413.98,411.19,-0.74,-0.00179,413.24,428.78,0.031636133151381,413.92,5.0,1542741.0,413.98,48886395.0,406.05,385750289820.0,423.72,1020.16,425.68,44722786.0,48886395.0,502.49,44.86,3.796221,65352528.7,82196723.03,1.277398157277897,212.82,0.012425,380.41,-0.014506,396652455120.0,39.2198,0.019877,0.5131819999999999,3.323764,931809000.0,0.4058,8.132804,502.49,44.86,7.906364,1.8853,2.5897,3.823711,425.3,
2166826,90124152.0,19.55,0.05041,407.34,405.7,-1.59,-0.0039,405.75,408.732,0.004754080455215,408.35,100.0,317829.0,407.34,67011636.0,391.3,379563078060.0,393.31,1003.79,387.79,96561061.0,67011636.0,502.49,43.67,3.5568709999999992,85746186.9,90124151.53,1.256090268856125,200.56,0.196144,364.04,-0.122945,361346212110.0,39.2198,-0.041707999999999995,0.966521,2.595642,931809000.0,0.4058,7.4781369999999985,502.49,43.67,7.4781369999999985,1.8853,2.5897,3.5064610000000003,421.2,
2166674,23894940.0,-18.01,-0.01963,179.882,180.0,-9.41,-0.01046,178.0,182.4,0.013331912818362001,179.828,100.0,234006.0,179.882,17552320.0,171.98800000000003,165484244720.0,182.39,-180.31,183.484,25422958.0,17552320.0,193.798,35.398,1.112616,23788160.2,23894940.03,1.386515823336866,64.92200000000001,0.955869,109.162,0.195663,168797940640.0,37.4018,0.6765720000000001,1.6046790000000002,3.061897,183992000.0,-4.9881,2.032192,193.798,35.398,2.032192,1.7404000000000002,3.3334,1.132246,180.2,
2166787,15088283.0,-56.73,-0.03814,286.152,286.644,-5.26,-0.00368,285.1,303.41,0.010500192197835,286.177,1.0,127894.0,286.152,12200866.0,284.196,266639295120.0,303.204,705.22,297.498,7621039.0,12200866.0,358.99800000000016,42.2,2.4190490000000002,14940012.0,15088283.2,1.1927495510616022,138.768,0.48162299999999997,230.52,0.049746,277211611380.0,39.2198,0.377548,0.902453,1.286441,186362000.0,2.0288,5.156575,358.99800000000016,42.2,5.156575,1.8853,2.5897,2.457189,297.0,
2166743,15035577.0,29.19,0.03622,167.0,166.976,7.0,0.00838,168.4,167.0,0.0073954551915690015,166.804,100.0,85429.0,167.0,11728212.0,160.842,154784785000.0,161.71400000000003,-991.92,161.162,7275774.0,11728212.0,193.798,35.398,0.909064,10200161.0,15035577.17,1.164812211072044,96.3,0.081319,135.41,-0.026329,149373805510.0,32.73,0.006620999999999999,0.083631,1.442293,185371000.0,-0.8418,3.2442330000000004,193.798,35.398,3.2442330000000004,1.8398,2.2047,0.8728440000000001,179.62,
2166747,14357947.0,-18.58,-0.021040000000000003,172.87599999999995,172.856,25.29,0.02926,177.93400000000003,179.15,0.005498005992168001,172.87,100.0,48776.0,172.87599999999995,8871580.0,171.68800000000005,160321744880.0,177.99800000000005,-1026.82,176.592,7949469.0,8871580.0,193.798,35.92200000000001,1.031115,10487922.1,14357946.57,1.150489147125553,98.90800000000002,0.206048,142.798,0.095742,163767888960.0,35.9594,0.159973,0.178065,1.651293,185476000.0,-0.8418,3.560744,193.798,35.92200000000001,3.560744,1.9755,2.5462,1.052155,177.132,
2166667,22628868.0,23.21,0.031030000000000002,154.256,154.18,2.71,0.00351,154.798,163.99800000000005,0.007962951637162001,154.122,39.0,196472.0,154.256,24673263.0,150.48,139019363600.0,160.0,-154.62,149.614,17063521.0,24673263.0,193.798,35.398,0.7932300000000001,30187853.8,22178137.6,1.3679306945910048,60.926,0.8039000000000001,95.69,0.0182,134835877150.0,30.3131,0.5948,1.2295,2.2048,180245000.0,-4.9881,1.4462719999999991,193.798,35.398,1.4327,1.1683,2.4397,0.7622,154.876,
2166763,11164425.0,-26.24,-0.02661,191.948,191.804,-3.24,-0.00338,191.3,199.0,0.008990209714174,192.062,6.0,79376.0,191.948,8831412.0,190.97400000000002,178008736240.0,198.91,-1140.1,197.19600000000003,9254549.0,8831412.0,205.496,42.2,1.264981,10777587.8,11164424.83,1.142071284511304,110.82600000000001,0.22736599999999998,169.532,-0.014907,182875626480.0,39.2198,0.204074,0.866821,1.287975,185476000.0,-0.8418,3.4966480000000004,205.496,42.2,3.4966480000000004,1.8853,2.5897,1.291591,201.87,
2166769,11859345.0,18.28,0.013330000000000002,277.972,275.134,-9.86,-0.007090000000000002,276.0,285.9000000000001,0.005705205129742001,276.901,3.0,122146.0,277.972,21420996.0,267.34200000000004,257785673360.0,281.0,-1651.06,274.316,20569864.0,21420996.0,285.9000000000001,42.2,1.822469,11888845.1,11859344.6,1.155641850863247,116.106,0.46044,179.04600000000005,0.259362,254395172080.0,39.2198,0.368873,1.517989,1.728291,185476000.0,-0.8418,4.838995,275.558,42.2,4.145424,1.8853,2.5897,1.809139,273.17600000000004,
2166791,15197950.0,4.5600000000000005,0.00307,297.916,297.906,2.8200000000000003,0.0018899999999999998,298.48,303.462,0.007956027429000001,297.98,2.0,47420.0,297.916,5966617.0,295.452,277601107960.0,298.166,734.22,297.004,4978015.0,5966617.0,358.99800000000016,42.2,2.454518,12707973.2,15197950.03,1.189160420691221,143.61800000000005,0.5455270000000001,240.956,-0.001661,276751297240.0,39.2198,0.08270799999999999,0.8975949999999999,0.982776,186362000.0,2.0288,5.4356230000000005,358.99800000000016,42.2,5.4356230000000005,1.8853,2.5897,2.451448,290.5420000000001,
2166737,17181856.0,7.55,0.009340000000000001,163.112,163.08,-0.42,-0.0005099999999999999,163.02800000000005,165.20000000000005,0.005544306086416001,163.04200000000003,100.0,40411.0,163.112,7292792.0,162.36,151181172760.0,164.0,-968.83,161.602,9636522.0,7292792.0,193.798,35.398,0.8872979999999999,13580824.1,17181856.2,1.171113629115808,92.79,0.481364,128.83800000000002,0.021556,149781621710.0,32.8221,0.082601,-0.101622,1.294049,185371000.0,-0.8418,2.934603,193.798,35.398,2.934603,1.9189,2.2483,0.8779579999999999,165.52,
2166696,19198499.0,6.76,0.01581,86.85799999999998,86.772,11.1,0.025560000000000003,89.07799999999996,88.4,0.01334973950789,86.82000000000002,100.0,218517.0,86.85799999999998,16368634.0,82.10000000000002,80078298810.0,86.48200000000001,-87.07,85.506,28285502.0,16368634.0,193.798,35.398,0.022910000000000003,21438224.4,19198498.67,1.241108335949565,74.566,-0.4285000000000001,130.882,-0.0394,78831829170.0,16.8958,-0.5247,0.0541,0.7768,184389000.0,-4.9881,0.560215,193.798,35.398,0.5626,0.3767,1.1584,0.0071,101.0,
2166775,14241322.0,29.21,0.019260000000000003,309.202,306.86,-35.01,-0.022650000000000003,302.2,310.0,0.006091772965513001,309.66100000000006,5.0,98330.0,309.202,16254173.0,291.4000000000001,286747750760.0,308.5080000000001,-1836.55,303.36,23418140.0,16254173.0,358.99800000000016,42.2,2.54457,20332500.2,14241322.1,1.1734888087373891,123.39,0.720586,195.574,0.110493,281329996800.0,39.2198,0.53073,1.078292,1.9253619999999998,185476000.0,-0.8418,4.9834320000000005,358.99800000000016,42.2,4.983432,1.8853,2.5897,2.52531,300.1280000000001,
2166757,12461077.0,12.17,0.01227,200.79200000000003,200.22400000000002,8.03,0.008,202.398,203.84000000000003,0.005234145716684,200.77,1.0,51369.0,200.79200000000003,9814209.0,198.8942,186210484960.0,200.65200000000002,-1192.63,198.358,9890800.0,9814209.0,205.496,42.2,1.317365,13314483.6,12461076.6,1.1347957871694652,106.248,0.267334,160.77200000000005,0.019479,183953242040.0,40.5149,0.218969,1.745667,1.522676,185476000.0,-0.8418,3.4130550000000004,205.496,42.2,3.4130550000000004,1.6745,2.8086,1.3050950000000001,200.18,
2166753,13822076.0,-37.56,-0.038610000000000005,187.056,186.142,-16.73,-0.017890000000000003,183.71,197.596,0.010092600157508002,187.044,12.0,168496.0,187.056,16725729.0,182.52,173471993280.0,196.0,-1111.05,194.568,15916482.0,16725729.0,205.496,41.502,1.222440999999999,12515525.7,13822075.83,1.143278246238427,103.224,0.244232,152.9,0.098435,180438471840.0,39.7216,0.201913,0.7355100000000001,1.704738,185476000.0,-0.8418,3.648953,205.496,41.502,3.648953,1.9294,2.8002,1.261051,198.18,
2166831,85341855.0,-33.07,-0.07379000000000001,415.09,409.5,-3.73,-0.008990000000000001,411.36,439.13,0.025852627200198004,415.0,100.0,1820704.0,415.09,70913228.0,415.0,386784597810.0,421.42,1022.89,448.16,50741454.0,70913228.0,502.49,44.86,4.1342240000000015,73325609.5,85341855.17,1.267384938976442,209.38,0.119376,375.31,0.100211,417599521440.0,39.2198,0.001766,0.8539540000000001,3.930578,931809000.0,0.4058,8.215710000000001,502.49,44.86,8.216469,1.8853,2.5897,4.208014,425.68,
2166840,67871482.0,-9.21,-0.02052,439.67,440.2,-0.97,-0.00221,438.7,455.95,0.032871371588809005,439.74,200.0,1071093.0,439.67,32584372.0,438.85,410449531800.0,454.2,1083.46,448.88,35672354.0,32584372.0,502.49,50.04,4.195861,43474609.7,67871481.63,1.2864492405022772,226.96,0.102899,402.81,0.034286000000000004,419047435200.0,39.2198,0.016117,0.495629,2.011768,933540000.0,0.4058,7.640616,502.49,50.04,7.640616,1.8853,2.5897,4.216381,430.83,
2166692,22205670.0,-14.87,-0.03341,86.04,86.04,-22.2,-0.0516,81.60000000000002,94.37,0.012362694220444,85.868,200.0,295982.0,86.04,23941545.0,79.2,79324147800.0,88.00200000000002,-86.25,89.01400000000002,20489464.0,23941545.0,193.798,35.398,0.001010999999999,17246909.5,22205669.93,1.279315055198053,73.67200000000003,-0.429397,131.71800000000002,-0.310322,82066012230.0,17.63,-0.481512,0.17435799999999999,0.818171,184389000.0,-4.9881,0.534936,193.798,35.398,0.6515270000000001,0.385,1.2742,0.034421,72.24400000000001,
2166830,85684695.0,19.15,0.044640000000000006,448.16,443.01,-5.36,-0.01196,442.8,448.88,0.028421308054938,447.5,100.0,1415489.0,448.16,50293436.0,434.42,417599521440.0,440.9,1104.39,429.01,48145566.0,50293436.0,502.49,44.86,4.030114,75929380.4,85684695.2,1.2648035741408392,207.52,0.141877,372.72,0.106295,399755379090.0,39.2198,-0.096916,0.915856,3.454377,931809000.0,0.4058,7.7660399999999985,502.49,44.86,7.766398,1.8853,2.5897,3.985474,415.09,
2166777,14546440.0,0.2,0.00013000000000000002,300.168,300.296,7.15,0.00476,301.598,307.502,0.006639925561595,300.0900000000001,100.0,61591.0,300.168,9300427.0,298.0,278369799840.0,302.69,-1782.89,300.1280000000001,14300785.0,9300427.0,358.99800000000016,42.2,2.487882,20374821.9,14546440.4,1.175062280228244,125.954,0.736088,201.644,-0.028492,278332704640.0,39.2198,0.513062,0.990529,1.939549,185476000.0,-0.8418,4.888095,358.99800000000016,42.2,4.888095,1.8853,2.5897,2.487752,328.6,
2166712,19103891.0,19.94,0.028090000000000004,145.966,145.966,-16.83,-0.02306,142.6,150.626,0.006922145016533001,145.94799999999995,100.0,162769.0,145.966,23514243.0,142.0,134572623870.0,148.298,-146.31,141.97799999999995,30576511.0,23514243.0,193.798,35.398,0.7003900000000001,18572474.4,18960852.13,1.135425748460771,79.592,-0.020200000000000003,129.648,0.3015,130895907210.0,28.7149,0.1676,0.4425,1.9573,184389000.0,-4.9881,1.454838,193.798,35.398,1.5984,1.4508,2.4184,0.6723,149.042,
2166711,18586307.0,58.94,0.09054,141.97799999999995,141.97799999999995,36.66,0.051640000000000005,149.31,148.376,0.016383770367976003,142.024,175.0,489924.0,141.97799999999995,29903007.0,138.486,130895907210.0,139.73,-142.32,130.19000000000003,22475421.0,29903007.0,193.798,35.398,0.624039999999999,16714630.0,18614801.47,1.144890629946875,79.104,-0.1315,129.412,0.2609,120028019550.0,26.2478,0.07060000000000001,0.32270000000000004,1.7117,184389000.0,-4.9881,1.25102,193.798,35.398,1.3827,1.2473,2.1345,0.5335,145.966,
2166759,12320436.0,-6.58,-0.00657,198.86400000000003,198.804,4.68,0.004710000000000001,199.8,201.776,0.006849018039408,198.882,30.0,43274.0,198.86400000000003,6322270.0,198.00400000000002,184422496320.0,199.99,-1181.18,200.18,8679749.0,6322270.0,205.496,42.2,1.3512300000000002,13487689.1,12320435.53,1.138799556833707,107.80799999999999,0.2215,164.41400000000004,0.0101,185642928400.0,40.8962,0.2094,1.3047,1.3875,185476000.0,-0.8418,3.5574169999999987,205.496,42.2,3.5114,1.8802,2.8527,1.3578,200.356,
2166664,19871626.0,-152.36,-0.17176000000000002,146.94000000000003,147.4,-7.3,-0.009940000000000001,145.48,169.19600000000003,0.017586097870494997,146.80100000000004,20.0,848948.0,146.94000000000003,48273813.0,140.82220000000004,132426001500.0,164.678,-154.33,177.412,60938758.0,48273813.0,193.798,35.398,0.8899239999999999,26188409.8,19871625.5,1.527662478821059,59.478,1.187085,90.86,0.5268079999999999,159888129700.0,36.131,0.964521,1.7963559999999998,2.885161,180245000.0,-4.7606,1.760417,193.798,35.398,1.760417,1.6628,3.0588,1.061684,149.792,
2166730,17775031.0,-8.13,-0.00992,162.25799999999995,162.232,0.41,0.0005099999999999999,162.34000000000003,164.8,0.011316576131058,162.14300000000003,26.0,186173.0,162.25799999999995,16451354.0,157.0,150389638590.0,158.102,-963.76,163.88400000000001,16130087.0,16451354.0,193.798,35.398,0.92038,18813279.9,17775030.93,1.190950711749337,88.80000000000004,0.5931000000000001,126.06600000000002,0.0765,151896704820.0,33.2997,0.5023,0.0954,1.4421,185371000.0,-0.8418,2.386313,193.798,35.398,2.3167,1.7064,2.4604,0.9303,161.882,
2166684,22941528.0,-24.96,-0.0333,144.908,144.4,-3.54,-0.00489,144.20000000000005,149.15,0.008597604103184001,144.96,2.0,92772.0,144.908,10790448.0,143.614,133597206060.0,144.754,-145.25,149.9,15048977.0,10790448.0,193.798,35.398,0.70867,18848012.8,22941527.6,1.5339579921411282,70.36200000000001,0.31592800000000004,125.74600000000001,0.10382899999999999,138199555500.0,30.373,0.020144,1.268668,2.264657,184389000.0,-4.9881,1.710277,193.798,35.398,1.710277,1.2484,2.7357,0.74197,140.696,
2166681,22679568.0,75.63,0.11322000000000006,148.72400000000005,148.696,25.6,0.03443,153.84400000000005,148.73800000000003,0.010326279493636,148.53799999999995,5.0,206136.0,148.72400000000005,19962272.0,137.334,137115348180.0,142.306,-149.08,133.59799999999998,24564171.0,19962272.0,193.798,35.398,0.6868200000000001,18526719.5,22679568.47,1.6229773051011007,68.79400000000001,0.3009,121.49600000000001,-0.1989,123170008110.0,26.9611,0.1783,1.0246,2.0984,184389000.0,-4.9881,1.088252,193.798,35.398,1.0883,0.9472,2.3851,0.5736,149.102,
2166724,18739496.0,-80.56,-0.10303,140.264,140.36,5.69,0.008110000000000001,141.40200000000004,154.554,0.011622523174701,141.19799999999995,25.0,377036.0,140.264,32440116.0,136.608,129315693480.0,151.0,-140.6,156.376,28471854.0,32440116.0,193.798,35.398,0.7141970000000001,16937428.9,18739495.97,1.174386059976682,85.73400000000002,0.8283600000000001,127.182,0.07823200000000001,144170071320.0,31.7283,0.6236400000000001,0.0024100000000000002,1.4955479999999999,184389000.0,-4.9881,2.341225,193.798,35.398,2.341225,1.6604,2.4589,0.8172269999999999,152.23800000000003,
2166718,19278414.0,-26.48,-0.03617,141.126,141.071,-8.61,-0.0122,139.404,146.8,0.005416001299724,141.066,100.0,71173.0,141.126,13141245.0,140.626,130110410070.0,145.41,-141.46,146.422,14224831.0,13141245.0,193.798,35.398,0.665383,18590155.7,19278414.23,1.156621159141005,82.61200000000002,0.154329,128.54399999999998,-0.017579,134993030790.0,29.645,0.685763,0.279465,1.874627,184389000.0,-4.9881,1.774195,193.798,35.398,1.774195,1.5836,2.3363,0.701553,145.03,
2166738,16828172.0,12.04,0.01476,165.52,164.954,-2.1,-0.00254,165.10000000000005,166.5,0.007429047750448002,165.5,2.0,90648.0,165.52,12225089.0,159.20000000000005,153413039600.0,163.20000000000005,-983.13,163.112,7309271.0,12225089.0,193.798,35.398,0.910265,13199428.1,16828172.43,1.169900680484826,93.378,0.48597,129.52,0.015224,151181172760.0,33.1381,0.187616,-0.094828,1.298453,185371000.0,-0.8418,2.9767900000000003,193.798,35.398,2.9767900000000003,1.8667,2.3377,0.8955049999999999,163.376,
2166786,15163942.0,-11.62,-0.007750000000000002,297.498,300.0,18.51,0.012440000000000001,301.2,302.648,0.006545408323369001,297.5,99.0,49434.0,297.498,7583691.0,294.2,275893695240.0,297.6,733.19,299.822,9426893.0,7583691.0,358.99800000000016,42.2,2.476446,15607986.6,15163941.9,1.192046862583781,137.536,0.5115200000000001,227.80200000000002,-0.009226,278048926360.0,39.2198,0.388309,0.917315,1.339399,185476000.0,2.0288,5.188021,358.99800000000016,42.2,5.188021,1.8853,2.5897,2.484196,286.152,
2166790,15244192.0,-1.98,-0.00133,297.004,296.6,-3.99,-0.00269,296.206,299.9676,0.009572658844549,297.1980000000001,2.0,47298.0,297.004,4947118.0,293.6620000000001,276751297240.0,298.6020000000001,731.97,297.4000000000001,8414990.0,4947118.0,358.99800000000016,42.2,2.45472,13626279.7,15244191.9,1.188284359799489,142.39,0.484358,238.29200000000003,-0.008078,277120294000.0,39.2198,0.08415099999999999,0.935669,1.023955,186362000.0,2.0288,5.5127890000000015,358.99800000000016,42.2,5.512789,1.8853,2.5897,2.45605,297.916,
2166808,73369609.0,55.64,0.12569000000000002,498.32,509.7,16.43,0.03297,514.75,500.14,0.012186186823405002,514.45,1.0,1430913.0,498.32,117736420.0,440.11,464339559200.0,444.89,1227.99,442.68,100405879.0,117736420.0,500.14,43.67,4.270021,89879806.1,73369609.0,1.189608083779081,169.17,0.34717000000000003,301.72,0.098898,2062468254000.0,39.2198,0.54701,1.464536,1.97652,186362000.0,0.4058,8.837333000000003,463.7,43.67,8.836896000000003,1.8853,2.5897,4.144331,475.05,
2166765,10953781.0,70.46,0.06981000000000001,215.962,215.14,-4.58,-0.004240000000000001,215.046,217.538,0.008769988772398,215.82800000000003,5.0,147950.0,215.962,16876510.0,200.746,200278839560.0,201.3,-1282.74,201.87,9026404.0,16876510.0,217.538,42.2,1.300414999999999,9319663.8,10953781.37,1.147106768029401,112.302,0.200921,171.412,-0.034777999999999996,187210200600.0,39.2198,0.170086,0.865892,1.229983,185476000.0,-0.8418,3.5294830000000004,205.496,42.2,3.306857,1.8853,2.5897,1.230605,223.92600000000004,
2166671,23218125.0,-3.97,-0.004940000000000001,160.006,160.0,2.02,0.00252,160.41,162.59400000000005,0.008323043616808001,159.996,75.0,130464.0,160.006,15675035.0,157.10000000000005,144201407350.0,157.54000000000005,-160.39,160.8,26289348.0,15675035.0,193.798,35.398,0.8636980000000001,30395808.3,23218124.83,1.382353108110353,63.08,0.8686379999999999,102.858,0.074766,144916980000.0,32.6542,0.494646,1.301417,2.660869,180245000.0,-4.9881,1.646739,193.798,35.398,1.646739,1.3304,2.6969000000000003,0.8686379999999999,171.68,
2166717,19324068.0,45.39,0.0661,146.422,146.422,-7.12,-0.00973,144.99800000000005,146.8,0.006127042120353999,146.46,58.0,86590.0,146.422,14132431.0,137.74200000000002,134993030790.0,140.406,-146.77,137.34400000000002,20209093.0,14132431.0,193.798,35.398,0.662158,18959651.0,19324067.97,1.1475017528330749,82.11000000000001,0.064138,128.702,-0.059069,126623614080.0,27.7451,0.581248,0.205703,1.686908,184389000.0,-4.9881,1.6135869999999992,193.798,35.398,1.613587,1.4234,2.2793,0.596058,141.126,
2166690,22258844.0,-13.93,-0.02485,109.324,109.00200000000001,-12.62,-0.023090000000000003,106.8,121.514,0.011669175794547,109.262,6.0,262888.0,109.324,22528412.0,100.4,100790715180.0,119.0,-109.58,112.11,18909052.0,22528412.0,193.798,35.398,0.277967,17409853.9,22258844.07,1.425749639847526,73.06,-0.125248,131.14600000000002,-0.203176,103359253950.0,22.4638,-0.302799,0.564078,1.286093,184389000.0,-4.9881,0.939888,193.798,35.398,0.939888,0.6398,1.9709,0.302817,89.01400000000002,
2166710,18696593.0,77.95,0.13604000000000002,130.19000000000003,130.244,22.27,0.034210000000000004,134.644,130.4,0.007996657219495001,130.26,29.0,177847.0,130.19000000000003,22240168.0,116.106,120028019550.0,118.206,-130.5,114.6,13650000.0,22240168.0,193.798,35.398,0.4858400000000001,15904828.7,18684426.47,1.1450009219561,78.67200000000003,-0.2314,129.37,0.1937,105654897000.0,22.9849,-0.05760000000000001,0.1643,1.3869999999999998,184389000.0,-4.9881,0.9814649999999999,193.798,35.398,1.0974,0.9782,1.7592,0.3498,141.97799999999995,
2166746,14766601.0,1.4,0.00159,176.592,176.59599999999998,0.16,0.00018,176.62400000000005,179.58800000000005,0.00715348413005,176.56400000000005,4.0,56645.0,176.592,7924096.0,176.02,163767888960.0,177.62400000000005,-1048.9,176.312,13565596.0,7924096.0,193.798,35.398,1.050491,10656627.4,14766600.7,1.16356059480075,98.24600000000001,0.28372600000000003,141.004,0.07477199999999999,163508222560.0,35.9008,0.158134,0.182493,1.6221299999999998,185476000.0,-0.8418,3.925742,193.798,35.398,3.925742,1.9708,2.5497,1.048901,172.87599999999995,
2166673,23386091.0,59.02,0.06876,183.484,183.686,-10.37,-0.0113,181.41,188.956,0.012272421046445,183.449,8.0,309881.0,183.484,25250193.0,180.204,166366777640.0,184.6,-183.92,171.68,16698369.0,25250193.0,193.798,35.398,1.063833,27339740.2,23386091.4,1.368675609846459,64.26,0.90105,106.81400000000002,0.1085,155663972800.0,32.4881,0.568713,1.387628,2.784332,181342000.0,-4.9881,1.808533,193.798,35.398,1.808533,1.3189,2.6786,0.995073,179.882,
2166661,17100591.0,9.76,0.01523,130.114,130.06,-4.8100000000000005,-0.007390000000000002,129.15200000000002,130.6,0.011304228924813002,130.00799999999998,100.0,177000.0,130.114,15657857.0,126.504,117261989650.0,128.0,-136.66,128.162,29005676.0,15657857.0,130.17600000000002,35.398,0.5045850000000001,19116177.6,17100590.67,1.375349910904336,57.98,0.690836,85.83600000000001,0.13453800000000002,115502798450.0,25.8234,0.531829,1.034834,1.652249,180245000.0,-4.7606,1.087193,130.17600000000002,35.398,1.087193,0.8086,2.0379,0.48935500000000004,156.0,
2166707,19523610.0,29.21,0.05658000000000001,109.09000000000002,109.104,3.55,0.006509999999999999,109.8,113.0,0.005654083337180001,109.135,2.0,100921.0,109.09000000000002,17849224.0,106.46800000000002,100574980050.0,109.0,-109.35,103.248,14901836.0,17849224.0,193.798,35.398,0.27268000000000003,17636247.6,19067615.67,1.153608907404277,77.67000000000002,-0.2397,129.526,0.1359,95188977360.0,20.609,-0.2662,0.1433,1.1716,184389000.0,-4.9881,0.7851859999999999,193.798,35.398,0.8896000000000001,0.7248,1.5418,0.2161,109.76799999999999,
2166686,22024711.0,-95.48,-0.13573000000000002,121.6,121.6,28.4,0.04671,127.28,132.5996,0.019620226069915002,122.0,20.0,330903.0,121.6,16865402.0,121.0,112108512000.0,121.512,-121.89,140.696,12662918.0,16865402.0,193.798,35.398,0.52147,18002136.4,22024711.1,1.524920246512782,71.378,0.2455,128.158,-0.054000000000000006,129713973720.0,28.4466,-0.0425,1.1294,2.0642,184389000.0,-4.9881,1.5434039999999989,193.798,35.398,1.5439,1.1103,2.5064,0.6572,129.066,
2166752,13832059.0,-52.21,-0.05093,194.568,193.79,1.66,0.0017100000000000001,194.9,203.79200000000003,0.008367571290413,194.7,87.0,132525.0,194.568,15837929.0,194.4,180438471840.0,197.998,-1155.67,205.01,18563413.0,15837929.0,205.496,41.502,1.331467,11651454.9,13832059.17,1.148922212427364,102.46600000000001,0.280496,151.106,0.185879,190122173800.0,41.9071,0.263482,0.616212,1.906294,185476000.0,-0.8418,3.721557,205.496,41.502,3.721557,2.2269,2.9996,1.382397,187.056,
2166754,13431793.0,55.62,0.05947,198.18,197.368,2.6,0.0026200000000000004,198.7,199.76800000000003,0.004949991430826001,198.162,1.0,77463.0,198.18,15655165.0,181.7,183788168400.0,183.484,-1177.12,187.056,16763374.0,15655165.0,205.496,41.502,1.2627700000000002,13010614.2,13431793.17,1.136343937071909,103.946,0.3336,154.716,-0.0154,173471993280.0,38.1494,0.15280000000000002,0.4493,1.6811,185476000.0,-0.8418,3.372306,205.496,41.502,3.3935,1.8163,2.7307,1.2033,196.426,
2166825,90555255.0,7.43,0.019530000000000002,387.79,390.7,6.09,0.015700000000000002,393.88,399.5,0.006083488579593999,387.81,28.0,583193.0,387.79,95944637.0,351.3,361346212110.0,363.8,955.62,380.36,95074176.0,95944637.0,502.49,43.67,3.4396480000000005,84583141.6,90555255.17,1.25634768745574,198.96,0.223211,362.46,-0.101717,354422871240.0,39.2198,-0.055804,0.979289,2.765941,931809000.0,0.4058,7.5206089999999985,502.49,43.67,7.520227999999999,1.8853,2.5897,3.420118,407.34,
2166779,14871497.0,-74.64,-0.045430000000000005,313.672,318.0,11.64,0.00742,316.0,335.0,0.008762079295224002,315.3780000000001,100.0,141314.0,313.672,16127907.0,311.6,290893139360.0,327.9960000000001,-1863.1,328.6,17121367.0,16127907.0,358.99800000000016,42.2,2.442786,19237957.9,14871497.37,1.180782847478074,128.61,0.694601,207.968,0.002525,304737068000.0,39.2198,0.49492,1.010879,1.742763,185476000.0,-0.8418,5.48024,358.99800000000016,42.2,4.919539,1.8853,2.5897,2.488216,318.466,
2166670,22684895.0,36.71,0.04784,160.8,160.68800000000005,-4.0,-0.00498,160.0,163.60000000000005,0.008544543959458,160.77800000000005,42.0,223839.0,160.8,26196717.0,147.0,144916980000.0,148.36800000000005,-161.18,153.458,12022470.0,26196717.0,193.798,35.398,0.8311569999999999,30667441.1,22684895.1,1.391650342826572,62.514,0.834174,100.98,0.024474,138300186050.0,31.1176,0.461895,1.216896,2.2650639999999997,180245000.0,-4.9881,1.489827,193.798,35.398,1.489827,1.224,2.5281,0.7833169999999999,160.006,
2166806,14002473.0,85.58,0.03975,447.75,447.6,10.71,0.00478,449.89200000000005,459.12,0.008090190263490001,447.565,100.0,190403.0,447.75,23617666.0,428.5,417217927500.0,436.398,1103.48,430.634,14239382.0,23617666.0,459.12,42.40600000000001,4.044096,16898831.8,14002473.3,1.190672138060947,165.412,0.434834,291.896,0.075601,401269067540.0,39.2198,0.3985260000000001,1.625081,2.17109,186362000.0,2.0288,9.057782,433.20000000000016,42.40600000000001,9.057782,1.8853,2.5897,4.004346,442.68000000000006,
2166810,74772963.0,-27.68,-0.05827,447.37,442.02,-10.11,-0.0226,437.26,479.04,0.009117033020004,449.0,200.0,876924.0,447.37,96185239.0,405.121,416863392330.0,479.0,1102.44,475.05,90119419.0,96185239.0,502.49,43.67,4.462229,92370783.0,74772963.17,1.1787652857696622,173.34,0.49168199999999995,313.21,0.103141,442655865450.0,39.2198,0.599495,1.6943709999999998,2.194172,931809000.0,0.4058,9.556667,502.49,43.67,9.556198,1.8853,2.5897,4.520499,407.0,
2166680,22439724.0,-11.01,-0.016220000000000002,133.59799999999998,135.20000000000002,6.99,0.01046,134.996,138.10399999999998,0.011736642585716,133.442,200.0,284011.0,133.59799999999998,24198658.0,122.304,123170008110.0,125.162,-133.92,135.8,24277160.0,24198658.0,193.798,35.398,0.561896,18699237.2,22439723.8,1.6199051639301931,68.358,0.30954699999999996,120.35,-0.246393,125200131000.0,27.4219,0.197742,1.05795,2.149497,184389000.0,-4.9881,1.122671,193.798,35.398,1.122671,0.8997,2.2772,0.578116,148.72400000000005,
2166656,15812525.0,-7.38,-0.0129,112.964,112.866,-5.82,-0.0103,111.8,114.772,0.017130055841484002,113.0,100.0,245149.0,112.964,14311045.0,110.852,101805980900.0,114.126,-118.64,114.44,19651042.0,14311045.0,118.9,35.398,0.317,21869404.0,15812525.2,1.3720749859923451,56.418,0.6403,81.16000000000003,0.1143,103136189000.0,22.9514,0.3649,1.2467,1.1993,180245000.0,-4.7606,0.9896379999999999,118.9,35.398,0.9896,0.6219,1.8427,0.3299,111.604,
2166705,18803206.0,25.54,0.0562,96.00200000000001,95.934,-4.94,-0.01029,95.014,103.1,0.008627862580566,95.90800000000002,100.0,193999.0,96.00200000000001,22485175.0,93.678,88508563890.0,101.954,-96.23,90.894,19858427.0,22485175.0,193.798,35.398,0.1268,18363861.5,18803205.57,1.168999146177372,77.12,-0.4956,130.08800000000002,-0.1164,83799268830.0,18.0234,-0.3888,0.0563,0.8692000000000001,184389000.0,-4.9881,0.5715819999999999,193.798,35.398,0.5897,0.8,1.3794,0.07060000000000001,103.248,
2166836,76141591.0,8.3,0.01912,442.3,443.76,-0.15,-0.00034,442.15,448.74,0.036587125680167004,442.065,50.0,1411451.0,442.3,38609703.0,438.58,412904742000.0,442.0,1089.95,434.0,28925656.0,38609703.0,502.49,48.32,4.062582,47672153.6,76141591.2,1.2871226750993041,219.66,-0.019608,390.38,0.019545,405156360000.0,39.2198,0.16874,0.40484899999999996,2.333589,933540000.0,0.4058,7.86619,502.49,48.32,7.866552,1.8853,2.5897,4.043462,446.65,
2166719,19272518.0,19.52,0.02766,145.03,145.03,0.75,0.00103,145.18,146.14600000000004,0.005259649788343999,144.93800000000005,100.0,69046.0,145.03,13127490.0,139.636,133709683350.0,142.162,-145.38,141.126,13236697.0,13127490.0,193.798,35.398,0.6676679999999999,18648223.0,19272517.9,1.156142225495157,83.08800000000002,0.258817,128.27,-0.064015,130110410070.0,28.5366,0.397287,0.249301,1.354612,184389000.0,-4.9881,1.7280209999999998,193.798,35.398,1.7280209999999998,1.4901,2.2156,0.640008,159.75,
2166822,85258282.0,7.24,0.016370000000000003,449.39,428.55,-26.38,-0.0587,423.01,455.68,0.004857598045128001,449.44,100.0,514833.0,449.39,107788253.0,407.07,418745646510.0,453.21,1107.42,442.15,86406819.0,107788253.0,502.49,43.67,3.936999,86695299.0,85258282.47,1.254986502915435,193.69,0.421307,355.62,0.13605399999999998,411999349350.0,39.2198,0.121913,1.108799,4.86111,931809000.0,0.4058,8.079055,502.49,43.67,7.695017999999999,1.8853,2.5897,3.920629,424.23,
2166740,16692707.0,1.99,0.0024400000000000003,163.774,163.88,1.35,0.0016500000000000002,164.044,166.92000000000004,0.012960971190265002,163.774,4.0,106249.0,163.774,8197611.0,163.14100000000005,151794750770.0,166.9,-972.76,163.376,9987475.0,8197611.0,193.798,35.398,0.92674,12657856.7,16692706.93,1.169017154490872,94.558,0.2549,131.31799999999998,0.004,151425862480.0,33.1934,0.1577,-0.0203,1.4287,185371000.0,-0.8418,3.178628,193.798,35.398,3.1786,1.9272,2.3011,0.9243,164.04600000000005,
2166679,22599198.0,-99.8,-0.12815,135.8,133.982,-23.49,-0.03459,131.102,147.954,0.014924612960004004,135.614,20.0,356913.0,135.8,23914389.0,133.8,125200131000.0,146.042,-136.12,155.76,14153843.0,23914389.0,193.798,35.398,0.681918,17473768.2,22599197.7,1.4551091672675511,67.90599999999999,0.447799,119.068,-0.134099,143602153200.0,31.5994,0.395649,1.35081,2.637892,184389000.0,-4.9881,1.4744229999999992,193.798,35.398,1.474423,1.1789,2.7589,0.810068,133.59799999999998,
2166804,14498730.0,9.14,0.004540000000000001,404.668,403.82,24.46,0.012090000000000002,409.56,405.59,0.008170087635046001,404.902,3.0,86297.0,404.668,10576818.0,393.6,377073689080.0,394.97800000000007,997.31,402.84,20063621.0,10576818.0,425.8,42.2,3.769054,17461471.1,14498729.77,1.193898167996609,161.90800000000004,0.36933699999999997,283.08200000000005,0.116766,375370340400.0,39.2198,0.287409,1.509524,1.4586290000000002,186362000.0,2.0288,8.066847000000001,425.8,42.2,8.227909,1.8853,2.5897,3.764514,430.634,
2166704,18729088.0,-27.09,-0.05625,90.894,90.894,80.53,0.1772,107.0,98.852,0.008739951692853,103.39600000000002,100.0,157911.0,90.894,18067720.0,89.28,83799268830.0,96.256,-91.11,96.31200000000001,13353180.0,18067720.0,193.798,35.398,0.07815000000000001,19397564.8,18729087.77,1.192299909944302,76.89,-0.4646,130.548,-0.0882,88794366840.0,19.1574,-0.3524,0.1192,0.968,184389000.0,-4.9881,0.6652600000000001,193.798,35.398,0.6653,0.9073,1.5671,0.13440000000000002,96.00200000000001,
2166749,13999217.0,64.26,0.07256,189.984,188.9,-4.95,-0.00521,188.99400000000003,190.0,0.009171629717444,190.817,49.0,129060.0,189.984,14174727.0,181.832,176187361920.0,183.616,-1128.44,177.132,7811917.0,14174727.0,193.798,40.36000000000001,1.15896,10201499.6,13999216.63,1.146604494858948,100.206,0.2213,145.622,-0.0139,164268674160.0,36.0724,0.1317,0.259,1.6368,185476000.0,-0.8418,3.300364,193.798,40.36000000000001,3.3004,1.7719999999999998,2.4557,1.0864,188.13400000000001,
2166798,15209537.0,184.93,0.11203,367.12800000000004,367.298,0.35000000000000003,0.00019,367.19800000000004,369.172,0.007010542779132001,364.004,200.0,141043.0,367.12800000000004,20142539.0,334.5660000000001,342093541680.0,335.57199999999995,904.79,330.14200000000005,12577614.0,20142539.0,369.172,42.2,2.879519,10814093.8,15209537.4,1.190095020954638,152.144,0.34115500000000004,259.252,0.115846,307629617020.0,39.2198,0.06869700000000001,1.017851,1.026174,186362000.0,2.0288,6.51621,358.99800000000016,42.2,6.380931,1.8853,2.5897,2.767489,377.418,
2166700,19615896.0,-13.8,-0.02613,102.87200000000001,102.96,-5.36,-0.01042,101.8,105.16,0.013733138504634002,102.998,30.0,197151.0,102.87200000000001,14355859.0,98.806,94842326040.0,100.856,-103.12,105.632,17422082.0,14355859.0,193.798,35.398,0.201407,22738596.8,19615895.97,1.2140693601982628,75.73200000000001,-0.343085,130.82000000000002,0.235375,97386894240.0,21.108,-0.22215,0.22719499999999998,1.181308,184389000.0,-4.9881,0.9217700000000001,193.798,35.398,0.9217700000000001,0.7007,1.6664,0.227537,100.426,
2166821,83376774.0,18.72,0.044210000000000006,442.15,445.68,7.22,0.01633,449.37,451.0,0.005472690284087,441.69,300.0,469658.0,442.15,85918218.0,428.8,411999349350.0,448.74,1089.58,423.43,76779163.0,85918218.0,502.49,43.67,3.964839,86814225.7,83376774.0,1.2631620034313868,191.82,0.421307,352.35,0.13605399999999998,394555884870.0,39.2198,0.121913,1.108799,4.86111,931809000.0,0.4058,7.694661,502.49,43.67,7.695017999999999,1.8853,2.5897,3.920629,449.39,
2166745,14805967.0,-16.54,-0.01842,176.312,176.5,0.87,0.00099,176.486,181.732,0.008967119919819999,176.22400000000005,100.0,121340.0,176.312,13545111.0,174.20000000000005,163508222560.0,179.0,-1047.23,179.62,15085297.0,13545111.0,193.798,35.398,1.068922999999999,10469878.0,14805966.73,1.1662097274864227,97.58,0.203307,139.18800000000002,0.096755,166575995600.0,36.5931,0.17986300000000002,0.20774099999999998,1.681936,185476000.0,-0.8418,4.018159,193.798,35.398,4.018159,2.0776,2.6003,1.087343,176.592,
2166660,16741099.0,59.82,0.10296,128.162,129.0,3.93,0.006130000000000001,128.94799999999998,130.17600000000002,0.013045859062946,128.186,100.0,378617.0,128.162,29022006.0,123.6,115502798450.0,126.412,-134.61,116.198,18216672.0,29022006.0,128.162,35.398,0.453283,19116177.6,17100590.67,1.363770921818615,57.98,0.5229100000000001,85.83600000000001,0.015362,115502798450.0,22.7296,0.400989,0.8443539999999999,1.398209,180245000.0,-4.7606,1.075364,130.17600000000002,35.398,0.8816269999999999,0.6219,1.8435,0.350323,130.114,
2166748,14180043.0,21.28,0.024620000000000003,177.132,177.09000000000003,-1.44,-0.0016300000000000002,176.84400000000005,177.304,0.014562292804556003,177.06799999999996,31.0,113419.0,177.132,7793764.0,173.24,164268674160.0,175.79600000000005,-1052.1,172.87599999999995,8887713.0,7793764.0,193.798,38.37,1.033591,10645766.3,14180042.63,1.15135240464069,99.546,0.224976,144.236,0.035185999999999995,160321744880.0,35.1817,0.125187,0.19300499999999998,1.6164,185476000.0,-0.8418,3.396867,193.798,38.37,3.396867,1.9129,2.5149,1.0089709999999998,189.984,
2166768,11582169.0,162.92,0.13479000000000002,274.316,282.5,61.42,0.04478,286.6,275.558,0.008787293674375,276.728,23.0,176044.0,274.316,20201055.0,253.2088,254395172080.0,255.338,-1629.34,241.73200000000003,17250115.0,20201055.0,275.558,42.2,1.943929,10699833.6,11582168.6,1.156104840254051,114.978,0.46044,176.38400000000001,0.259362,224177422160.0,39.2198,0.368873,1.517989,1.728291,185476000.0,-0.8418,4.145424,245.6,42.2,4.145424,1.8853,2.5897,1.809139,277.972,
2166773,13057798.0,-47.59,-0.030810000000000008,299.4120000000001,293.99,30.94,0.02067,305.6,358.99800000000016,0.013223168242076,295.0,5.0,510448.0,299.4120000000001,38673143.0,294.222,277668700560.0,331.8,-1778.4,308.93000000000006,23337553.0,38673143.0,358.99800000000016,42.2,2.559229,15880281.2,13057798.23,1.1727160705757658,120.848,0.8498800000000001,189.452,0.126183,286495503400.0,39.2198,0.587774,1.372917,1.942975,185476000.0,-0.8418,5.473806,309.78400000000005,42.2,5.473806,1.8853,2.5897,2.590039,303.36,
2166772,12522406.0,150.37,0.10785000000000004,308.93000000000006,308.538,-3.16,-0.00205,308.298,309.783,0.008928531116603002,309.134,9.0,207643.0,308.93000000000006,23266151.0,275.202,286495503400.0,279.156,-1834.94,278.856,11717598.0,23266151.0,309.783,42.2,2.348402,14471980.8,12522405.6,1.164443645347165,119.52600000000001,0.7302839999999999,186.47400000000002,0.153575,258605477280.0,39.2198,0.360207,1.141916,1.915989,185476000.0,-0.8418,4.835761,285.9000000000001,42.2,4.835761,1.8853,2.5897,2.240552,299.4120000000001,
2166672,23537143.0,58.37,0.07296000000000001,171.68,172.07000000000005,23.61,0.0275,176.40200000000004,172.0,0.0097348120021,171.8,1.0,159160.0,171.68,16349571.0,166.472,155663972800.0,168.44400000000005,-172.09,160.006,15693711.0,16349571.0,193.798,35.398,0.9575600000000001,30393252.8,23422635.67,1.385255547708636,63.64600000000001,0.7056,104.712,0.0427,145079040260.0,32.4881,0.7056,1.3843,2.4274,181342000.0,-4.9881,1.5985120000000002,193.798,35.398,1.6016,1.3189,2.6786,0.8846,183.484,
2166762,11491456.0,25.13,0.026150000000000003,197.19600000000003,197.0,6.02,0.006110000000000001,198.4,197.19600000000003,0.007541144946002999,197.174,8.0,69437.0,197.19600000000003,9207753.0,187.43,182875626480.0,190.84000000000003,-1171.28,192.17,10959593.0,9207753.0,205.496,42.2,1.259334999999999,11443781.1,11491456.23,1.141462290177398,110.07600000000001,0.21479,168.50599999999997,-0.042940000000000006,178214614600.0,39.2198,0.17338499999999998,0.7818269999999999,1.229661,185476000.0,-0.8418,3.37227,205.496,42.2,3.37227,1.8853,2.5897,1.233185,191.948,
2166662,17313835.0,129.43,0.19895,156.0,156.9,-14.0,-0.01795,153.20000000000005,157.22799999999995,0.019143445502618,156.16,400.0,899387.0,156.0,46981459.0,134.704,140591100000.0,134.73800000000003,-163.84,130.114,15719266.0,46981459.0,156.0,35.398,0.7315499999999989,18514438.9,17341107.03,1.3247288719998411,58.356,0.604,87.03800000000004,0.1198,117261989650.0,26.2319,0.5552,1.0658,1.6926,180245000.0,-4.7606,1.083758,130.6,35.398,1.119,0.8362,2.0841,0.5326000000000001,177.412,
2166716,19219556.0,-59.64,-0.07991000000000001,137.34400000000002,137.35399999999998,3.43,0.0049900000000000005,138.03,150.66600000000003,0.0076664614155080016,137.4,1.0,154175.0,137.34400000000002,20110321.0,134.75799999999998,126623614080.0,145.84,-137.67,149.27200000000005,14746577.0,20110321.0,193.798,35.398,0.654762,18428925.3,19219556.2,1.1316528082718822,81.656,0.227566,128.946,0.051374,137620574040.0,30.2415,0.718575,0.363962,1.944221,184389000.0,-4.9881,1.840571,193.798,35.398,1.840571,1.5943,2.6093,0.734672,146.422,
2166827,88960216.0,13.86,0.034030000000000005,421.2,418.15,-1.4,-0.0033200000000000005,419.8,428.08,0.005479305579067,420.97,98.0,271077.0,421.2,49514275.0,415.55,392477950800.0,424.79,1037.95,407.34,67208459.0,49514275.0,502.49,44.86,3.7676790000000002,86395286.9,88960215.5,1.2604387711989131,202.25,0.23383299999999999,366.18,-0.093571,379563078060.0,39.2198,-0.054091999999999994,1.1221370000000002,2.856218,931809000.0,0.4058,7.397032,502.49,44.86,7.3966850000000015,1.8853,2.5897,3.7336489999999998,419.07,
2166698,19118400.0,34.25,0.06782,107.85,107.851,1.75,0.0032500000000000003,108.2,111.4,0.017111187530413997,107.868,100.0,361543.0,107.85,21129042.0,102.22200000000001,99431768250.0,109.198,-108.11,101.0,22895170.0,21129042.0,193.798,35.398,0.241529,22106378.0,19118399.83,1.277124652876541,75.09400000000002,-0.34786500000000004,130.8,0.39804,93116445000.0,20.1386,-0.368679,0.17185699999999998,1.208133,184389000.0,-4.9881,0.939175,193.798,35.398,0.939175,0.6261,1.5495,0.173709,105.632,
2166789,15175771.0,2.0,0.00135,297.4000000000001,296.95,4.0,0.00269,298.2,305.482,0.009251953487602,297.2,4.0,80533.0,297.4000000000001,8704432.0,292.4000000000001,277120294000.0,299.204,732.95,297.0,8809346.0,8704432.0,358.99800000000016,42.2,2.3266880000000003,14400508.7,15175770.57,1.187705324138744,141.16600000000003,0.429473,235.612,-0.07069399999999999,276747570000.0,39.2198,0.277886,1.040096,0.8343079999999999,186362000.0,2.0288,5.350225,358.99800000000016,42.2,5.118281,1.8853,2.5897,2.325338,297.004,
2166794,14976015.0,-44.18,-0.03114,274.87800000000004,294.402,89.61,0.06520000000000001,292.8,284.0,0.0059771727947010005,274.694,99.0,46580.0,274.87800000000004,8227640.0,273.0,256134069180.0,279.57,677.44,283.714,7522264.0,8227640.0,358.99800000000016,42.2,2.345214,8971694.0,14976014.93,1.189536423086162,147.216,0.51365,248.556,-0.021744,264367542340.0,39.2198,0.063571,0.7728520000000001,0.8835049999999999,186362000.0,2.0288,4.9528750000000015,358.99800000000016,42.2,5.096139,1.8853,2.5897,2.376354,310.952,
2166802,15191054.0,48.15,0.02405,409.996,408.79600000000005,-4.98,-0.0024300000000000003,409.0,419.13800000000003,0.012479002921379,409.89700000000005,100.0,267749.0,409.996,21455961.0,405.01,382038372760.0,408.96,1010.44,400.366,20611796.0,21455961.0,419.13800000000003,42.2,3.6766550000000002,14948021.5,15191054.27,1.197100570732438,158.48800000000003,0.295976,274.458,0.21270799999999998,373065042460.0,39.2198,0.276384,1.4188379999999998,1.2217870000000002,186362000.0,2.0288,8.065027,404.398,42.2,8.065027,1.8853,2.5897,3.652605,402.84,
2166797,15365287.0,29.71,0.018330000000000003,330.14200000000005,329.826,-3.71,-0.0022500000000000003,329.4000000000001,333.76,0.0053951762523190006,330.14200000000005,100.0,67611.0,330.14200000000005,12541983.0,325.3280000000001,307629617020.0,332.9980000000001,813.64,324.2000000000001,20425308.0,12541983.0,358.99800000000016,42.2,2.785819,10781028.4,15365287.43,1.190177658060516,150.81,0.34115500000000004,256.106,0.115846,302092802000.0,39.2198,0.06869700000000001,1.017851,1.026174,186362000.0,2.0288,6.380931,358.99800000000016,42.2,6.380931,1.8853,2.5897,2.767489,367.12800000000004,
2166771,12516803.0,28.4,0.020790000000000003,278.856,279.296,-0.78,-0.0005600000000000001,278.7,281.712,0.011423256423261002,278.776,70.0,133241.0,278.856,11669356.0,270.25600000000003,258605477280.0,279.3,-1656.31,273.17600000000004,16311312.0,11669356.0,285.9000000000001,42.2,2.195336,14396180.3,12516803.33,1.1665973216409251,118.374,0.6652399999999999,183.97400000000002,0.219939,253337958880.0,39.2198,0.452029,1.383735,1.837662,185476000.0,-0.8418,4.93706,285.9000000000001,42.2,4.93706,1.8853,2.5897,2.174546,308.93000000000006,
2166658,16219277.0,8.88,0.01591,113.38,113.58,4.4,0.007759999999999999,114.26,115.362,0.007694852545175002,113.349,24.0,90013.0,113.38,11697820.0,111.616,102180890500.0,113.634,-119.08,111.604,13608068.0,11697820.0,118.9,35.398,0.312847,20521569.0,16219277.03,1.365196290341048,56.992,0.551435,82.87200000000001,0.019773,100580314900.0,22.3579,0.345599,0.702786,1.366798,180245000.0,-4.7606,0.8827860000000001,118.9,35.398,0.8827860000000001,0.5965,1.7091,0.296937,116.198,
2166659,16353020.0,14.09,0.02485,116.198,123.69,67.51,0.1162,129.70000000000002,117.96,0.011469060224799998,123.53,100.0,193347.0,116.198,16858138.0,113.486,104720542550.0,115.15,-122.04,113.38,11788493.0,16858138.0,118.9,35.398,0.342425,19036963.6,16353019.77,1.3656135365899942,57.292,0.581796,83.75399999999998,-0.0046700000000000005,102180890500.0,22.7296,0.367012,0.7927390000000001,1.404462,180245000.0,-4.7606,0.905802,118.9,35.398,0.905802,0.6219,1.8435,0.317575,128.162,
2166782,15222183.0,-96.07,-0.06348999999999999,283.4000000000001,284.17,-15.46,-0.01091,280.308,293.0,0.009255895490995,283.2,2.0,178755.0,283.4000000000001,19321726.0,273.308,262819492000.0,283.202,-1683.3,302.6140000000001,24328504.0,19321726.0,358.99800000000016,42.2,2.453151,19750787.2,15222183.03,1.186101984207365,132.582,0.555312,216.90200000000002,0.008149,280638171320.0,39.2198,0.57472,1.086561,1.678853,185476000.0,-0.8418,4.712285,358.99800000000016,42.2,4.712285,1.8853,2.5897,2.516641,307.92,
2166817,78130167.0,46.9,0.12583,419.62,427.14,3.83,0.00913,423.45,420.0,0.00801662304505,422.69,4.0,656826.0,419.62,82181095.0,373.3,391005692580.0,381.21,1034.06,372.72,60717459.0,82181095.0,502.49,43.67,3.4571650000000003,94357333.1,78130167.2,1.245137114137446,184.47,0.302525,339.0,-0.10900699999999999,347303850480.0,39.2198,0.198642,0.9925579999999999,2.324592,931809000.0,0.4058,6.5802320000000005,502.49,43.67,6.579615,1.8853,2.5897,3.331335,449.76,
2166809,74461863.0,-23.27,-0.046700000000000005,475.05,480.24,5.95,0.012520000000000002,481.0,502.49,0.013212924669851998,479.48,20.0,1188112.0,475.05,89920440.0,470.51,442655865450.0,502.29,1170.65,498.32,118374406.0,89920440.0,502.49,43.67,4.744217,91596086.6,74461862.53,1.184287605261003,171.31,0.588666,307.69,0.231429,464339060880.0,39.2198,0.6778449999999999,1.774301,2.350636,931810000.0,0.4058,10.073777999999999,500.14,43.67,10.073286,1.8853,2.5897,4.7909169999999985,447.37,
2166838,71290742.0,14.65,0.0328,461.3,460.77,-0.8,-0.0017300000000000002,460.5,465.9,0.041333203479013,461.32,100.0,1975185.0,461.3,47842606.0,447.35,430642002000.0,449.94,1136.77,446.65,34463665.0,47842606.0,502.49,49.43,4.2232660000000015,44991536.9,71290741.6,1.286365950258973,223.24,-0.059783,396.49,0.0502,416965641000.0,39.2198,0.064415,0.472343,2.14591,933540000.0,0.4058,7.6913800000000005,502.49,49.43,7.691041,1.8853,2.5897,4.190466000000002,448.88,
2166682,22628180.0,1.89,0.00254,149.102,147.0,-14.41,-0.01933,146.22,161.39600000000004,0.011133784545719998,149.11800000000005,79.0,284667.0,149.102,25567856.0,143.22220000000004,137463843390.0,161.09000000000003,-149.46,148.72400000000005,20194991.0,25567856.0,193.798,35.398,0.7308439999999989,18976847.5,22628179.73,-0.05431040663351901,69.306,0.4566500000000001,122.954,-0.07037,137115348180.0,30.1268,-0.046641,1.211838,2.304831,184389000.0,-4.9881,1.605901,193.798,35.398,1.605901,1.219,2.7684,0.728304,149.9,
2166715,19150101.0,-7.53,-0.00999,149.27200000000005,149.216,0.6000000000000001,0.0008,149.39200000000002,153.114,0.008971306889600999,149.24300000000005,100.0,131787.0,149.27200000000005,14689833.0,142.442,137620574040.0,146.54000000000005,-149.63,150.778,13128237.0,14689833.0,193.798,35.398,0.7659100000000001,19210475.2,19150100.9,1.132199561284814,81.14399999999998,0.0717,128.958,0.15810000000000002,139009023210.0,30.5567,0.7524000000000001,0.4768,1.8778,184389000.0,-4.9881,1.7588740000000005,193.798,35.398,1.7795,1.6205,2.6457,0.7759,137.34400000000002,
2166774,13963561.0,19.74,0.01319,303.36,306.6,51.2,0.033760000000000005,313.6,318.0,0.008828353161409001,302.43,5.0,204507.0,303.36,23209746.0,286.2,281329996800.0,311.2000000000001,-1801.85,299.4120000000001,38985362.0,23209746.0,358.99800000000016,42.2,2.603229,18893326.6,13963560.67,1.175161816150936,122.116,0.8498800000000001,192.312,0.126183,277668700560.0,39.2198,0.587774,1.372917,1.942975,185476000.0,-0.8418,5.274349999999999,358.99800000000016,42.2,5.473806,1.8853,2.5897,2.590039,309.202,
2166837,74087766.0,4.35,0.00983,446.65,446.7,1.27,0.00284,447.92,448.89,0.040365826174713,446.83,100.0,1381485.0,446.65,34325113.0,436.6,416965641000.0,443.54,1100.67,442.3,38791133.0,34325113.0,502.49,48.32,4.053292,46579310.8,74087766.3,1.2856228457914658,221.44,-0.019608,393.5,0.019545,412904742000.0,39.2198,0.16874,0.40484899999999996,2.333589,933540000.0,0.4058,8.035751,502.49,48.32,7.866552,1.8853,2.5897,4.043462,461.3,
2166733,18019866.0,12.37,0.01564,160.66600000000003,161.032,0.67,0.0008300000000000001,160.8,160.67200000000003,0.004938048580781,160.61400000000003,1.0,67244.0,160.66600000000003,13628594.0,152.8,148914085430.0,155.70600000000005,-954.3,158.192,19065491.0,13628594.0,193.798,35.398,0.8539700000000001,18750540.8,18019865.5,1.182425698337563,90.518,0.6424949999999999,127.084,0.013999,146621046160.0,32.8807,0.114201,-0.011337,1.26409,185371000.0,-0.8418,2.404761,193.798,35.398,2.404761,1.7722,2.3284,0.8383299999999999,159.834,
2166695,19585007.0,-0.11,-0.00026000000000000003,85.506,85.554,-3.6,-0.00842,84.786,95.4,0.017139087108529003,85.486,2.0,483501.0,85.506,28210429.0,85.15800000000002,78831829170.0,87.74600000000002,-85.71,85.52799999999998,30195460.0,28210429.0,193.798,35.398,-0.0063490000000000005,19875966.0,19585007.0,1.2779155594606109,74.334,-0.429022,131.14,-0.217665,78852111960.0,16.9004,-0.524533,0.054365,0.777242,184389000.0,-4.9881,0.5630120000000001,193.798,35.398,0.563012,0.377,1.1589,-0.006089,86.85799999999998,
2166713,18887285.0,15.38,0.02107,149.042,150.65200000000004,29.82,0.04002,155.006,151.89,0.008663243072986,149.18200000000004,50.0,173444.0,149.042,20020678.0,141.34300000000005,137408526690.0,143.282,-149.4,145.966,23577001.0,20020678.0,193.798,35.398,0.7403700000000001,19153026.0,18887285.4,1.138725955431221,80.09800000000001,-0.0262,129.44799999999998,0.32980000000000004,134572623870.0,29.5496,0.6398,0.4213,1.8097,184389000.0,-4.9881,1.669849,193.798,35.398,1.6698,1.5062,2.5309,0.7193,150.778,
2166726,18515760.0,7.02,0.00922,153.64200000000002,153.504,6.29,0.008190000000000001,154.9,159.784,0.007844819695462,153.55200000000005,100.0,132843.0,153.64200000000002,16933850.0,152.436,142403855910.0,157.99,-912.58,152.23800000000003,19237090.0,16933850.0,193.798,35.398,0.77836,19326837.2,18515760.47,1.195458394385676,86.68799999999996,0.7527229999999999,125.832,-0.01031,141102551490.0,30.8623,0.4744890000000001,0.036056,1.399565,185371000.0,-0.8418,1.9810839999999992,193.798,35.398,1.981084,1.5883,2.3022,0.7691399999999999,156.51600000000005,
2166764,11003516.0,49.61,0.05169000000000002,201.87,200.50400000000002,-1.95,-0.00193,201.48,202.0,0.010152991009033002,201.894,8.0,91008.0,201.87,8991660.0,189.704,187210200600.0,193.628,-1199.04,191.948,8854908.0,8991660.0,205.496,42.2,1.282295,9986741.2,11003515.5,1.143297765996836,111.538,0.200921,170.39,-0.034777999999999996,178008736240.0,39.2198,0.170086,0.865892,1.229983,185476000.0,-0.8418,3.306857,205.496,42.2,3.306857,1.8853,2.5897,1.230605,215.962,
2166721,19018176.0,-29.63,-0.0371,153.82399999999996,153.78799999999995,7.77,0.0101,155.378,161.0,0.011176633024296998,153.78900000000004,3.0,169466.0,153.82399999999996,15162527.0,151.33800000000005,141817267680.0,159.06,-154.19,159.75,20681442.0,15162527.0,193.798,35.398,0.8193360000000001,18427586.3,19018176.17,1.170905482832947,84.13400000000001,0.794662,128.08,0.163138,147280713750.0,32.4345,0.590724,0.408979,1.437368,184389000.0,-4.9881,2.307864,193.798,35.398,2.307864,1.8188,2.6399,0.8564360000000001,160.102,
2166734,18030832.0,-4.16,-0.005180000000000001,159.834,159.776,-0.47,-0.00059,159.74,161.0098,0.007327279464399002,159.817,12.0,76903.0,159.834,10496164.0,157.31040000000004,148142942070.0,158.16,-949.36,160.66600000000003,13682188.0,10496164.0,193.798,35.398,0.8619,17271574.2,18030832.43,1.182725161676077,91.08,0.7676189999999999,127.3,-0.019636,148914085430.0,32.6262,0.100708,-0.064154,1.2810860000000002,185371000.0,-0.8418,2.463376,193.798,35.398,2.463376,1.7514,2.291,0.8670800000000001,162.726,
2166835,76141591.0,8.08,0.01897,434.0,434.47,0.47,0.00108,434.47,434.59,0.028314551092871006,433.945,4.0,831245.0,434.0,29357520.0,426.46,405156360000.0,430.13,1069.49,425.92,40421116.0,29357520.0,502.49,48.13,3.968535,47672153.6,76141591.2,1.28619897574571,219.66,-0.048755,390.38,0.026091000000000003,405156360000.0,39.2198,0.162826,0.5273829999999999,2.7165790000000003,933540000.0,0.4058,7.8734410000000015,502.49,48.13,7.708952,1.8853,2.5897,3.949565,442.3,
2166693,21431039.0,-68.98,-0.16034,72.24400000000001,72.256,11.78,0.03261,74.60000000000002,80.97200000000002,0.022013817279984003,72.319,121.0,517742.0,72.24400000000001,23518956.0,70.102,66604994580.0,78.0,-72.42,86.04,23994580.0,23518956.0,193.798,35.398,-0.16047899999999998,17067967.2,21431039.43,1.195228228426457,73.91799999999998,-0.515027,131.66600000000003,-0.321697,79324147800.0,17.0075,-0.498835,0.094239,0.7668079999999999,184389000.0,-4.9881,0.596349,193.798,35.398,0.596349,0.3720000000000001,1.2092,-0.000139,85.52799999999998,
2166766,11127795.0,39.82,0.03688,223.92600000000004,223.962,17.37,0.01551,227.4,227.066,0.010125047699897,223.94000000000003,49.0,133462.0,223.92600000000004,13190890.0,216.1,207664493880.0,216.7,-1330.04,215.962,16918501.0,13190890.0,227.066,42.2,1.546549,9606406.1,11127794.67,1.153249602467876,113.136,0.336382,172.74599999999995,0.123807,200278839560.0,39.2198,0.202327,1.242317,1.509669,185476000.0,-0.8418,3.753312,217.538,42.2,3.753312,1.8853,2.5897,1.509669,241.73200000000003,
2166689,22235765.0,-73.68,-0.11617000000000001,112.11,111.53,-40.65,-0.07252,103.98,118.9,0.021661711675229,111.49600000000001,36.0,403063.0,112.11,18607163.0,109.25,103359253950.0,116.1,-112.38,126.846,13413587.0,18607163.0,193.798,35.398,0.357892,17946664.7,22235764.73,1.4712314661746169,72.688,0.091637,130.56199999999998,-0.124645,116945035470.0,25.5479,-0.173416,0.7633169999999999,1.579534,184389000.0,-4.9881,1.238248,193.798,35.398,1.238248,0.8356,2.2736,0.474062,109.324,
2166776,14334730.0,-45.37,-0.02935,300.1280000000001,300.1380000000001,-12.64,-0.00842,297.6,306.3420000000001,0.006002002774888,299.894,8.0,85446.0,300.1280000000001,14236248.0,293.2,278332704640.0,295.432,-1782.66,309.202,16367829.0,14236248.0,358.99800000000016,42.2,2.5638490000000003,20277433.0,14334729.87,1.173237280478114,124.69400000000002,0.7509399999999999,198.71400000000003,0.108823,286747750760.0,39.2198,0.5741400000000001,1.074596,2.010789,185476000.0,-0.8418,5.125723000000002,358.99800000000016,42.2,5.125723000000002,1.8853,2.5897,2.5931990000000003,300.168,
2166729,17818097.0,39.38,0.050480000000000004,163.88400000000001,163.88400000000001,-0.42,-0.0005099999999999999,163.8,164.8,0.007858545556618001,163.99599999999995,25.0,126067.0,163.88400000000001,16042027.0,157.40200000000004,151896704820.0,158.79200000000003,-973.41,156.00799999999995,11527686.0,16042027.0,193.798,35.398,0.8634299999999989,18524032.4,17818097.43,1.187265054172942,88.24600000000002,0.476901,125.504,0.112245,144596794840.0,31.6513,0.4212520000000001,0.011358,1.313698,185371000.0,-0.8418,2.185917,193.798,35.398,2.185917,1.5763,2.3851,0.8129500000000001,162.25799999999995,
2166706,19077293.0,36.23,0.07547999999999999,103.248,103.124,-2.55,-0.004940000000000001,102.738,104.2,0.007457273892223002,103.16400000000002,100.0,110569.0,103.248,14827000.0,99.592,95188977360.0,102.298,-103.49,96.00200000000001,22562076.0,14827000.0,193.798,35.398,0.20628000000000002,17791518.9,19077293.23,1.157809176983241,77.37400000000002,-0.4243,129.72,-0.0441,88508563890.0,19.0925,-0.3561,0.0835,1.0599,184389000.0,-4.9881,0.659899999999999,193.798,35.398,0.6449,0.7942,1.3634,0.1308,109.09000000000002,
2166812,74483773.0,11.32,0.02781,418.32,394.4,-26.82,-0.06411,391.5,428.0,0.010621056138563002,414.6,79.0,1131942.0,418.32,108402789.0,372.02,389794340880.0,402.7,1030.85,407.0,87596086.0,108402789.0,502.49,43.67,3.757508,94339440.9,74483772.97,1.191879462548479,176.91,0.436133,322.45,-0.0806,379246263000.0,39.2198,0.368527,1.354289,1.715143,931809000.0,0.4058,8.220661999999999,502.49,43.67,8.221497,1.8853,2.5897,3.729698,330.21,
2166727,18533664.0,14.37,0.01871,156.51600000000005,156.51600000000005,-3.08,-0.00394,155.9,157.96,0.005170589987004001,156.47000000000003,34.0,57229.0,156.51600000000005,11068176.0,152.222,145067637180.0,155.3,-929.65,153.64200000000002,16991656.0,11068176.0,193.798,35.398,0.804165,19005093.5,18533664.03,1.19478858093962,87.19800000000002,0.521208,125.568,-0.040349,142403855910.0,31.1561,0.488087,0.025702,1.352287,185371000.0,-0.8418,2.008577,193.798,35.398,2.008577,1.5373,2.2977,0.785455,156.00799999999995,
2166829,86825592.0,9.94,0.02372,429.01,429.57,2.94,0.00685,431.95,433.93,0.0056851911265880005,429.14,42.0,271753.0,429.01,47867270.0,420.47,399755379090.0,420.9,1057.2,419.07,50341404.0,47867270.0,502.49,44.86,3.893682,78369499.8,86825591.5,1.261953277399124,205.74,0.11035999999999999,370.41,0.101772,390493197630.0,39.2198,-0.15903399999999998,0.94048,3.172923,931809000.0,0.4058,7.6998130000000025,502.49,44.86,7.699091,1.8853,2.5897,3.869962,448.16,
2166714,19074248.0,8.68,0.01165,150.778,150.69000000000003,18.865,0.02502,154.55100000000004,154.99,0.009101280329628,150.658,46.0,118916.0,150.778,13065854.0,149.532,139009023210.0,154.584,-151.14,149.042,20657862.0,13065854.0,193.798,35.398,0.7671500000000001,19883494.2,19074248.23,1.138993827581249,80.616,0.0285,128.88,0.3005,137408526690.0,30.1934,0.7322000000000001,0.4598,1.8446,184389000.0,-4.9881,1.7475209999999999,193.798,35.398,1.7475,1.5903,2.6037,0.7555000000000001,149.27200000000005,
2166767,11250807.0,89.03,0.07952000000000001,241.73200000000003,243.1,4.88,0.00404,242.708,245.6,0.009829650492967,241.6,100.0,168771.0,241.73200000000003,17190980.0,237.12,224177422160.0,244.296,-1435.8,223.92600000000004,13326896.0,17190980.0,245.6,42.2,1.6817369999999998,9950015.7,11250807.13,1.155052814352005,114.014,0.372836,174.476,0.13555,207664493880.0,39.2198,0.27005500000000005,1.463595,1.602217,185476000.0,-0.8418,3.986106,227.066,42.2,3.986106,1.8853,2.5897,1.602217,274.316,
2166701,19218831.0,-12.23,-0.023780000000000003,100.426,100.33,0.86,0.0017100000000000001,100.598,103.32939999999996,0.0077146955527840014,100.348,200.0,92274.0,100.426,11960809.0,98.24600000000001,92587248570.0,102.052,-100.67,102.87200000000001,14377408.0,11960809.0,193.798,35.398,0.18792,21912312.2,19218831.3,1.213361690150017,76.036,-0.35710000000000003,130.80200000000002,0.1844,94842326040.0,20.5303,-0.3083,0.2403,1.1354,184389000.0,-4.9881,0.8460989999999989,193.798,35.398,0.8379000000000001,0.9327,1.6991,0.2117,104.8,
2166725,18817374.0,59.87,0.08537,152.23800000000003,152.25,7.81,0.01026,153.8,152.4,0.006944032532031001,152.3,100.0,132757.0,152.23800000000003,19118142.0,139.6,141102551490.0,140.204,-904.24,140.264,32531807.0,19118142.0,193.798,35.398,0.7374700000000001,18877785.9,18817374.2,1.196064909799381,86.18,0.6404000000000001,126.39,-0.122,130004389720.0,28.3562,0.4564,-0.1009,1.2384,185371000.0,-0.8418,1.873085,193.798,35.398,1.9969999999999999,1.3384,2.1028,0.6521,153.64200000000002,
2166828,88521265.0,-2.13,-0.00506,419.07,418.67,-0.86,-0.00205,418.21,428.5,0.003625884898309,418.99,100.0,181837.0,419.07,50198616.0,411.6,390493197630.0,416.0,1032.7,421.2,49719561.0,50198616.0,502.49,44.86,3.728589,83065182.2,88521265.2,1.2610078191392442,204.0,0.23383299999999999,368.6,-0.093571,392477950800.0,39.2198,-0.054091999999999994,1.1221370000000002,2.856218,931809000.0,0.4058,7.682746000000002,502.49,44.86,7.3966850000000015,1.8853,2.5897,3.7336489999999998,429.01,
2166811,75618654.0,-40.37,-0.09024,407.0,392.21,-26.5,-0.06511,380.5,431.8,0.009188009751663,407.115,380.0,779391.0,407.0,85574369.0,402.0,379246263000.0,407.12,1002.96,447.37,96176128.0,85574369.0,502.49,43.67,4.108593,95885730.3,75618654.1,1.167764957357606,175.22,0.4783520000000001,318.15,-0.0008489999999999999,416863392330.0,39.2198,0.506296,1.533354,2.000429,931809000.0,0.4058,8.941556,502.49,43.67,8.941114,1.8853,2.5897,4.1988330000000005,418.32,
2166784,15314364.0,-63.11,-0.040990000000000006,295.298,295.4000000000001,-3.54,-0.0024,294.5900000000001,312.94000000000005,0.004918378878556001,295.0,72.0,77486.0,295.298,15762369.0,294.884,273853459240.0,300.0,-1753.97,307.92,16048669.0,15762369.0,358.99800000000016,42.2,2.252368,17063024.2,15314364.0,1.18785226863209,135.054,0.515054,222.352,-0.13755299999999998,285558849600.0,39.2198,0.43714899999999995,0.774022,1.539336,185476000.0,-0.8418,5.728433,358.99800000000016,42.2,5.192641,1.8853,2.5897,2.293358,299.822,
2166799,15198619.0,51.45,0.028030000000000003,377.418,378.24800000000016,7.91,0.00419,379.0,384.78,0.008832737656707002,377.824,11.0,145068.0,377.418,16423900.0,369.022,351681866580.0,380.0,930.15,367.12800000000004,20242323.0,16423900.0,384.78,42.2,2.7955189999999988,11957391.5,15198619.37,1.1922759744371851,153.66600000000003,0.34115500000000004,263.052,0.115846,342093541680.0,39.2198,0.06869700000000001,1.017851,1.026174,186362000.0,2.0288,7.3582550000000015,369.172,42.2,6.380931,1.8853,2.5897,2.767489,375.706,
2166741,16213184.0,1.36,0.0016600000000000002,164.04600000000005,162.81,-5.87,-0.007160000000000001,162.872,165.54200000000003,0.008181656612783,164.05200000000005,98.0,94050.0,164.04600000000005,11524251.0,157.0,152046855330.0,164.01600000000005,-974.38,163.774,8089736.0,11524251.0,193.798,35.398,0.9048579999999988,11814870.2,16213184.1,1.1690322088415428,95.138,0.153517,132.408,0.01344,151794750770.0,33.2767,0.025189,0.205994,1.471762,185371000.0,-0.8418,3.1888080000000003,193.798,35.398,3.339534,1.8858,2.3091,0.903198,161.162,
2166756,12697772.0,9.66,0.009840000000000002,198.358,197.82,-5.79,-0.005840000000000001,197.2,201.0,0.007545708007895,198.236,2.0,74429.0,198.358,9866321.0,196.5142,183953242040.0,197.544,-1178.18,196.426,14051078.0,9866321.0,205.496,42.2,1.292483,13120350.5,12697771.8,1.133280425673874,105.482,0.278466,158.87,-0.041871,182161543880.0,40.1105,0.207097,1.282961,1.59144,185476000.0,-0.8418,3.36444,205.496,42.2,3.36444,1.6485,2.8801,1.282643,200.79200000000003,
2166683,23033344.0,3.99,0.005350000000000001,149.9,149.332,-4.5,-0.006,149.0,153.304,0.010711111039884,149.862,100.0,160406.0,149.9,14975664.0,144.947,138199555500.0,152.76,-150.26,149.102,25784003.0,14975664.0,193.798,35.398,0.738047,19885410.9,23033344.07,1.661322249148238,69.822,0.362409,124.36400000000002,-0.042745,137463843390.0,30.2059,-0.159572,1.238567,2.3782400000000004,184389000.0,-4.9881,1.612525,193.798,35.398,1.612525,1.2364,2.7358,0.7326969999999999,144.908,
2166761,11656367.0,-40.93,-0.04086,192.17,192.2,-9.23,-0.00961,190.324,200.17700000000002,0.009625087779748001,192.165,50.0,105004.0,192.17,10914594.0,190.6282,178214614600.0,198.822,-1141.42,200.356,6365271.0,10914594.0,205.496,42.2,1.287453,12204163.1,11656366.63,1.138167888154726,109.346,0.237667,167.50400000000005,0.010073,185806147280.0,40.933,0.223369,0.9837229999999999,1.355744,185476000.0,-0.8418,3.479431,205.496,42.2,3.479431,2.0083,2.7426,1.328313,197.19600000000003,
2166728,18141266.0,-2.54,-0.0032500000000000003,156.00799999999995,155.98620000000003,3.84,0.004920000000000001,156.776,159.28,0.006957280798320999,156.02200000000005,68.0,79813.0,156.00799999999995,11471867.0,154.47000000000003,144596794840.0,155.40200000000004,-926.63,156.51600000000005,11123231.0,11471867.0,193.798,35.398,0.815604,18694933.5,18141266.07,1.190247592472314,87.726,0.451238,125.5,0.000895,145067637180.0,31.7576,0.434742,0.046132,1.3323,185371000.0,-0.8418,2.167571,193.798,35.398,2.167571,1.5847,2.3962,0.818854,163.88400000000001,
2166694,20192620.0,66.42,0.18388,85.52799999999998,85.68200000000002,-32.64,-0.07633000000000001,79.0,90.4,0.015828206602092002,83.001,100.0,473649.0,85.52799999999998,29924363.0,71.692,78852111960.0,74.80199999999998,-85.73,72.24400000000001,23786162.0,29924363.0,193.798,35.398,0.023418999999999003,17941685.7,20192619.57,1.2702727516515402,74.10000000000002,-0.5083439999999999,131.306,-0.355597,66604994580.0,14.1201,-0.6062649999999999,-0.10598,0.464801,184389000.0,-4.9881,0.350507,193.798,35.398,0.350507,0.152,0.7997000000000001,-0.160461,85.506,
2166663,18444344.0,107.06,0.13726000000000002,177.412,179.72400000000005,16.94,0.0191,180.8,193.798,0.021410027762773995,176.78799999999995,5.0,1291036.0,177.412,60300529.0,166.77599999999995,159888129700.0,176.752,-186.33,156.0,47233495.0,60300529.0,177.412,35.398,0.950117,21874881.1,18444343.8,1.4179091925537268,58.86600000000001,0.930502,88.72000000000001,0.375904,140591100000.0,31.6496,0.727422,1.456925,2.416258,180245000.0,-4.7606,1.492889,157.22799999999995,35.398,1.492889,1.2015,2.6977,0.8128569999999999,146.94000000000003,
2166801,14894581.0,123.3,0.06564,400.366,401.624,7.53,0.0037600000000000003,401.872,404.4,0.008844081055115001,401.20000000000016,128.0,181286.0,400.366,20517310.0,371.412,373065042460.0,371.99800000000016,986.71,375.706,12205331.0,20517310.0,404.4,42.2,3.431674,13486073.2,14894581.0,1.193042940937946,156.80200000000005,0.347312,270.552,0.15887099999999998,350086607860.0,39.2198,0.14335399999999998,1.303362,1.088625,186362000.0,2.0288,7.3172320000000015,384.78,42.2,7.3172320000000015,1.8853,2.5897,3.3660339999999995,409.996,
2166709,18914759.0,24.16,0.04402,114.6,114.5682,21.98,0.038360000000000005,118.99600000000001,115.0364,0.0058063895173830005,114.586,2.0,77219.0,114.6,13298970.0,111.42200000000001,105654897000.0,112.454,-114.87,109.76799999999999,12656024.0,13298970.0,193.798,35.398,0.33692000000000005,16282036.9,19038665.13,1.141267877517029,78.32000000000002,-0.2619,129.40200000000002,0.1434,101200058760.0,21.9736,-0.0973,0.1152,1.2864,184389000.0,-4.9881,0.897918,193.798,35.398,1.0089,0.8948,1.6428,0.2929,130.19000000000003,
2166675,23875799.0,1.59,0.00177,180.2,180.00599999999997,-1.2,-0.00133,179.96,182.612,0.012295979852113998,180.12599999999995,100.0,175782.0,180.2,14295892.0,176.09000000000003,166134489000.0,181.21,-180.63,179.882,17634893.0,14295892.0,193.798,35.398,1.092157,20709265.8,23875798.53,1.3814972298805621,65.566,0.827549,111.416,0.118669,165841310490.0,37.4018,0.643659,1.5347629999999999,3.072861,184389000.0,-4.9881,2.088315,193.798,35.398,2.088315,1.7404000000000002,3.3334,1.090387,166.75799999999995,
2166697,19178200.0,70.71,0.16282000000000002,101.0,101.0,4.5,0.008910000000000001,101.9,102.738,0.015511455680789004,100.8,10.0,351798.0,101.0,22679883.0,94.8,93116445000.0,95.5,-101.24,86.85799999999998,16454549.0,22679883.0,193.798,35.398,0.17218599999999998,21376305.3,19178199.6,1.222092595144958,74.79400000000003,-0.436923,130.69400000000002,0.009507,80078298810.0,17.1787,-0.479137,0.021258000000000003,0.945657,184389000.0,-4.9881,0.667651999999999,193.798,35.398,0.667652,0.3985,1.1925,0.009366,107.85,
2166818,78856361.0,30.14,0.07182999999999999,449.76,452.96,-4.07,-0.00905,445.69,461.94,0.007028306015602,450.27,200.0,678254.0,449.76,96758089.0,430.7,419090415840.0,436.95,1108.33,419.62,83020608.0,96758089.0,502.49,43.67,3.403165,92618805.9,78856360.8,1.256965762741842,186.24,0.302525,342.56,-0.10900699999999999,391005692580.0,39.2198,0.198642,0.9925579999999999,2.324592,931809000.0,0.4058,7.534065000000001,502.49,43.67,6.579615,1.8853,2.5897,3.331335,441.76,
2166841,66044141.0,-8.84,-0.020110000000000003,430.83,434.95,2.77,0.006430000000000001,433.6,447.0,0.055921909329480005,430.865,100.0,2015400.0,430.83,36085825.0,428.86,402197038200.0,446.24,1061.68,439.67,32775879.0,36085825.0,502.49,50.04,4.089242,39609195.1,66044141.4,1.2869138751739808,228.73,0.051037,405.65,-0.005946,410449531800.0,39.2198,0.038353,0.464746,1.916009,933540000.0,0.4058,7.3922500000000015,502.49,50.04,7.391610000000001,1.8853,2.5897,4.109352,421.94,
2166800,15031447.0,-8.56,-0.004540000000000001,375.706,376.0,-7.53,-0.0040100000000000005,374.20000000000016,382.20000000000016,0.006454848858859,375.802,10.0,78322.0,375.706,12154236.0,368.242,350086607860.0,373.0,925.93,377.418,16474491.0,12154236.0,384.78,42.2,3.381389,12763341.6,15031447.03,1.192963269144625,155.23800000000003,0.38159299999999996,266.8,0.21375,351681866580.0,39.2198,0.148564,1.335479,1.056953,186362000.0,2.0288,7.319402,384.78,42.2,7.319402,1.8853,2.5897,3.385929,400.366,
2166688,22181595.0,-11.1,-0.0172,126.846,126.71600000000001,0.37,0.00058,126.92000000000002,130.716,0.017782013217855,126.72,100.0,237610.0,126.846,13362379.0,122.6,116945035470.0,128.002,-127.15,129.066,15594443.0,13362379.0,193.798,35.398,0.48266099999999995,18020690.3,22181594.93,1.5430596532116172,72.24400000000001,0.138349,129.746,-0.138986,118991753370.0,26.0126,-0.166649,0.829685,1.611615,184389000.0,-4.9881,1.218238999999999,193.798,35.398,1.2182389999999998,0.8678,2.3908,0.499861,112.11,
2166723,18583306.0,-18.63,-0.02327,156.376,156.287,-16.88,-0.02159,153.0,173.96400000000003,0.008095614352126001,156.22000000000003,3.0,229547.0,156.376,28354488.0,152.70000000000005,144170071320.0,171.0,-156.75,160.102,16215982.0,28354488.0,193.798,35.398,0.837256,16156029.7,18583306.23,1.173935193102926,85.20400000000002,1.216129,127.724,0.134461,147605238390.0,32.5082,0.594229,0.249216,1.541221,184389000.0,-4.9881,2.353764,193.798,35.398,2.353764,1.7237,2.4438,0.860526,140.264,
2166755,12788182.0,-8.77,-0.00885,196.426,195.954,-3.13,-0.00319,195.8,202.576,0.004087545221189,196.37400000000002,1.0,57183.0,196.426,13999764.0,192.478,182161543880.0,202.37,-1166.7,198.18,15697178.0,13999764.0,205.496,41.502,1.32545,13071802.3,12870638.87,1.139942953921858,104.72200000000001,0.2899,156.862,-0.0333,183788168400.0,40.4776,0.2399,1.2264,1.5974,185476000.0,-0.8418,3.632322,205.496,41.502,3.4034,1.7666,2.9576,1.3343,198.358,
2166824,88823755.0,-43.87,-0.10341,380.36,366.75,-12.52,-0.032920000000000005,367.84,412.15,0.006214194666356999,380.005,100.0,581867.0,380.36,93635142.0,375.88,354422871240.0,405.43,937.31,424.23,79580795.0,93635142.0,502.49,43.67,3.826516,83022300.9,88823754.97,1.2435979799857748,197.4,0.543339,360.92,-0.039682,395301332070.0,39.2198,0.053098,1.117381,3.884179,931809000.0,0.4058,7.792332000000001,502.49,43.67,7.793061,1.8853,2.5897,3.929926,387.79,
2166795,14962663.0,180.37,0.13124000000000002,310.952,312.72,11.14,0.00717,313.18000000000006,317.0,0.006873058422653001,311.28400000000005,100.0,149372.0,310.952,21799070.0,287.0,289748183120.0,293.9960000000001,766.34,274.87800000000004,8625834.0,21799070.0,358.99800000000016,42.2,2.325564,8253407.4,14962662.6,1.1887839309165258,148.29000000000005,0.272807,250.46,-0.07449700000000001,256134069180.0,39.2198,-0.081941,0.6980149999999999,0.791226,186362000.0,2.0288,5.001441000000002,358.99800000000016,42.2,5.001441000000002,1.8853,2.5897,2.194324,324.2000000000001,
2166819,80631411.0,-8.0,-0.01779,441.76,443.06,2.98,0.006750000000000001,444.74,457.79,0.003986396017399,442.41,3.0,287798.0,441.76,72241797.0,435.31,411635943840.0,439.74,1088.62,449.76,97298228.0,72241797.0,502.49,43.67,4.208817,90511188.1,80631410.73,1.2585847028857091,188.15,0.512307,346.07,0.227913,419090415840.0,39.2198,0.225077,1.289717,4.052688,931809000.0,0.4058,8.261944,502.49,43.67,8.261563,1.8853,2.5897,4.226607,423.43,
2166703,19131414.0,-42.44,-0.08098999999999999,96.31200000000001,96.31200000000001,4.39,0.00912,97.19,102.791,0.010835363039943001,96.286,100.0,143963.0,96.31200000000001,13286403.0,95.02,88794366840.0,100.8,-96.54,104.8,17771485.0,13286403.0,193.798,35.398,0.136878,20440863.0,19131413.7,1.176057038591237,76.634,-0.428833,130.81199999999998,-0.028280000000000007,96619836000.0,20.9339,-0.29533899999999996,0.21786799999999998,1.141485,184389000.0,-4.9881,0.8120200000000001,193.798,35.398,0.8120200000000001,0.8769,1.8324,0.21786799999999998,90.894,
2166788,15171451.0,54.24,0.037910000000000006,297.0,296.4000000000001,0.02,1e-05,297.004,301.962,0.0063101367099470005,296.99,2.0,55401.0,297.0,8788649.0,288.8768,276747570000.0,290.0420000000001,731.96,286.152,12246960.0,8788649.0,358.99800000000016,42.2,2.363248,15231710.8,15171450.67,1.186415604864632,139.94000000000003,0.429473,232.98200000000003,-0.07069399999999999,266639295120.0,39.2198,0.277886,1.040096,0.8343079999999999,186362000.0,2.0288,5.118281,358.99800000000016,42.2,5.118281,1.8853,2.5897,2.325338,297.4000000000001,
2166785,15318081.0,22.62,0.015320000000000004,299.822,300.124,2.04,0.00136,300.23,306.962,0.005275754985976,299.822,5.0,49589.0,299.822,9404093.0,297.4000000000001,278048926360.0,300.2,738.91,295.298,15808700.0,9404093.0,358.99800000000016,42.2,2.446943,16302080.2,15318081.4,1.1922292133458292,136.286,0.503355,225.062,-0.072749,273853459240.0,39.2198,0.46281300000000003,0.8444370000000001,1.541335,185476000.0,2.0288,5.262417,358.99800000000016,42.2,5.262417,1.8853,2.5897,2.431623,297.498,
2166732,17976732.0,-18.45,-0.02279,158.192,158.112,8.94,0.0113,159.98000000000005,165.20000000000005,0.005891900242574001,158.168,100.0,111936.0,158.192,18998285.0,152.66,146621046160.0,163.96400000000003,-939.61,161.882,15906905.0,18998285.0,193.798,35.398,0.8584209999999999,18465589.9,17976731.97,1.181628474711674,89.964,0.5446759999999999,126.902,0.034283999999999995,150041141110.0,32.9594,0.243429,0.006729000000000001,1.338592,185371000.0,-0.8418,2.565526,193.798,35.398,2.565526,1.7787000000000002,2.3149,0.8812110000000001,160.66600000000003,
2166665,20992913.0,14.26,0.01941,149.792,149.412,-8.16,-0.0109,148.16,159.16600000000003,0.01054715967664,149.69799999999995,2.0,420050.0,149.792,39825888.0,137.4,134996295200.0,140.024,-157.32,146.94000000000003,48423837.0,39825888.0,193.798,35.398,0.75011,27893890.7,20992913.2,1.381720936139901,59.95,0.7525000000000001,92.378,0.14650000000000002,132426001500.0,29.7535,0.6271,1.3161,2.2179,180245000.0,-4.7606,1.316058,193.798,35.398,1.2863,1.2054,2.3246,0.7307,149.614,
2166780,14937582.0,23.97,0.015280000000000004,318.466,335.0019999999999,64.67,0.04061,331.4000000000001,325.28400000000005,0.007877541672852,335.339,1.0,106185.0,318.466,13746173.0,312.4000000000001,295338999080.0,320.33200000000005,-1891.58,313.672,16157280.0,13746173.0,358.99800000000016,42.2,2.660425,18704719.8,14937582.47,1.181289778972745,129.946,0.6672800000000001,210.96400000000003,0.014457,290893139360.0,39.2198,0.5773189999999999,1.142246,1.753634,185476000.0,-0.8418,5.134074000000001,358.99800000000016,42.2,5.134074,1.8853,2.5897,2.645145,302.6140000000001,
2166793,15020436.0,-34.14,-0.0235,283.714,282.6500000000001,-5.57,-0.00393,282.6,291.5,0.007741031856619999,283.806,12.0,58043.0,283.714,7506494.0,277.168,264367542340.0,289.05,699.22,290.5420000000001,8896420.0,7506494.0,358.99800000000016,42.2,2.352854,9824334.5,15020436.4,1.190273124409572,146.05200000000005,0.51365,246.222,-0.021744,270729941020.0,39.2198,0.063571,0.7728520000000001,0.8835049999999999,186362000.0,2.0288,5.096139,358.99800000000016,42.2,5.096139,1.8853,2.5897,2.376354,274.87800000000004,275.3182
2166720,19083470.0,73.6,0.1015,159.75,159.7606,-16.26,-0.020360000000000003,156.49800000000005,159.89800000000002,0.008946880339895,159.776,10.0,183423.0,159.75,20501336.0,147.0,147280713750.0,147.52200000000005,-160.13,145.03,13237612.0,20501336.0,193.798,35.398,0.8097000000000001,18606984.2,19083469.9,1.156725893740725,83.57400000000001,0.3266,128.102,-0.0284,133709683350.0,29.3537,0.6697000000000001,0.2732,1.8373,184389000.0,-4.9881,1.928360999999999,193.798,35.398,1.7598,1.5590000000000002,2.3045,0.7082,153.82399999999996,159.69885
2166687,22115382.0,37.33,0.0614,129.066,128.952,-19.03,-0.02949,125.26,133.6,0.011184572608671004,128.95600000000002,100.0,173571.0,129.066,15518787.0,121.6,118991753370.0,131.83599999999998,-129.37,121.6,17073740.0,15518787.0,193.798,35.398,0.474499,18190294.1,22115382.43,1.5810821374423731,71.79400000000003,0.089567,128.89,-0.184451,112108512000.0,24.45,-0.2117,0.742919,1.5813030000000001,184389000.0,-4.9881,1.0899219999999998,193.798,35.398,1.0899219999999998,0.8584,2.1852,0.413099,126.846,118.60613
2166758,12415367.0,-3.06,-0.00305,200.18,200.0,-8.9,-0.00889,198.4,203.19400000000002,0.006678139525295001,200.14,100.0,57661.0,200.18,8639128.0,198.26800000000003,185642928400.0,202.556,-1189.0,200.79200000000003,9751936.0,8639128.0,205.496,42.2,1.33033,13400905.9,12415366.77,1.134819667995989,107.02600000000001,0.287062,162.606,0.073433,186210484960.0,41.0243,0.242509,1.347676,1.484803,185476000.0,-0.8418,3.433865,205.496,42.2,3.433865,1.7073,2.8553,1.33338,198.86400000000003,222.45589
2166722,18842593.0,31.39,0.040810000000000006,160.102,159.93200000000004,69.79,0.08718000000000001,174.06,160.64,0.006086660462819001,159.99400000000003,100.0,93284.0,160.102,15325974.0,156.632,147605238390.0,158.336,-160.48,153.82399999999996,15221964.0,15325974.0,193.798,35.398,0.8283800000000001,16892131.6,18842592.83,1.1727004600747442,84.65800000000002,0.7878200000000001,127.956,0.050553,141817267680.0,31.1942,0.5317149999999999,0.323809,1.432231,184389000.0,-4.9881,2.1851580000000004,193.798,35.398,2.1851580000000004,1.7401,2.3216,0.7875700000000001,156.376,154.57173
2166678,23015221.0,-21.11,-0.026390000000000004,155.76,154.68800000000005,-9.8,-0.01258,153.8,162.662,0.011253973736278,155.67200000000003,32.0,157673.0,155.76,14010429.0,155.222,143602153200.0,156.49,-156.13,159.982,17290481.0,14010429.0,193.798,35.398,0.832742,17228131.2,23015221.17,1.445847960124168,67.366,0.524045,117.39,-0.12808699999999998,147494604990.0,32.483000000000004,0.433479,1.431929,2.720512,184389000.0,-4.9881,1.6855229999999999,193.798,35.398,1.6855229999999999,1.238,2.8608,0.859132,135.8,157.92456
2166666,21877844.0,-0.89,-0.00119,149.614,150.025,-2.37,-0.00317,149.14,153.95000000000005,0.008992268288515999,149.566,26.0,153707.0,149.614,17093240.0,146.0,134835877150.0,146.018,-149.97,149.792,39880752.0,17093240.0,193.798,35.398,0.739525,29916861.7,21877844.23,1.369005015629487,60.43600000000001,0.761223,94.042,0.15123699999999998,134996295200.0,30.3504,0.596725,1.2321030000000002,2.208637,180245000.0,-4.9881,1.435563,193.798,35.398,1.435563,1.2426,2.4457,0.740715,154.256,144.23738
2166731,17846437.0,-1.88,-0.00232,161.882,161.79000000000005,-14.11,-0.01743,159.06,168.65800000000004,0.004268125740737001,161.806,49.0,67455.0,161.882,15804361.0,161.60000000000005,150041141110.0,165.4,-961.52,162.25799999999995,16519601.0,15804361.0,193.798,35.398,0.8832610000000001,18397095.8,17846437.37,1.184779693886626,89.382,0.6156969999999999,126.64,0.056077999999999996,150389638590.0,32.9594,0.246317,0.057345000000000014,1.318435,185371000.0,-0.8418,2.573807,193.798,35.398,2.573807,1.6867,2.4288,0.885581,158.192,163.0701
2166676,23313800.0,-67.21,-0.07459,166.75799999999995,166.36,11.21,0.01344,169.0,172.70000000000005,0.015867841961005002,166.64600000000004,29.0,238877.0,166.75799999999995,15054158.0,164.44000000000003,153741704310.0,167.71800000000005,-167.16,180.2,14339446.0,15054158.0,193.798,35.398,1.04791,18155135.2,23313800.3,1.3725130150521,66.22000000000001,0.8719,113.662,0.1262,166134489000.0,36.7145,0.6466000000000001,1.5392,3.0801,184389000.0,-4.9881,2.057243,193.798,35.398,2.0938,1.7033,3.3455,1.1225,159.982,189.44615
2166816,77376425.0,1.38,0.00372,372.72,373.86,1.02,0.00274,373.74,382.5,0.005855500727704001,372.85,100.0,353424.0,372.72,60437095.0,360.5,347303850480.0,381.9,918.48,371.34,84930608.0,60437095.0,502.49,43.67,3.319018,100132108.7,77376425.07,1.244646952287428,182.94,0.24821,336.03,-0.087617,346017954060.0,39.2198,0.350927,0.908536,1.927487,931809000.0,0.4058,6.513962,502.49,43.67,6.513962,1.8853,2.5897,3.3152980000000003,419.62,349.29498
2166750,14030454.0,-9.25,-0.00974,188.13400000000001,188.076,-2.92,-0.0031000000000000003,187.55,190.88800000000003,0.005901047754149001,188.19400000000002,3.0,66907.0,188.13400000000001,11354496.0,184.7862,174471708920.0,188.002,-1117.45,189.984,14174727.0,11354496.0,193.798,41.502,1.198041,10620224.8,14030453.8,1.15370067930978,100.934,0.18925799999999998,147.308,0.077544,176187361920.0,38.7622,0.170876,0.562368,1.7977500000000002,185476000.0,-0.8418,3.462232,193.798,41.502,3.462232,1.9731,2.7064,1.207781,205.01,193.21841
2166783,15338188.0,122.6,0.08652000000000001,307.92,307.25,4.4,0.00286,308.8,309.588,0.005419549867572,308.432,5.0,86492.0,307.92,15979161.0,282.6,285558849600.0,286.908,-1828.94,283.4000000000001,19396616.0,15979161.0,358.99800000000016,42.2,2.379878,19356693.5,15338187.5,1.183426206179128,133.75799999999998,0.515054,219.406,-0.13755299999999998,262819492000.0,39.2198,0.43714899999999995,0.774022,1.539336,185476000.0,-0.8418,5.192641,358.99800000000016,42.2,5.192641,1.8853,2.5897,2.293358,295.298,312.02298
2166832,84287557.0,10.59,0.02551,425.68,422.7,-3.5,-0.00822,422.18,433.64,0.028050360038490003,425.45,200.0,1244477.0,425.68,44481763.0,419.33,396652455120.0,423.11,1048.99,415.09,71430025.0,44481763.0,502.49,44.86,3.849221,71827930.1,84287556.67,1.2784085017966669,211.08,0.012425,377.56,-0.014506,386784597810.0,39.2198,0.019877,0.5131819999999999,3.323764,931809000.0,0.4058,7.9056,502.49,44.86,7.906364,1.8853,2.5897,3.823711,413.98,397.30313
2166813,74928400.0,-88.11,-0.21063,330.21,322.0,-6.06,-0.01835,324.15,368.74,0.011761913365106002,332.0,10.0,1302183.0,330.21,112229121.0,329.88,307692649890.0,355.5,813.73,418.32,110321885.0,112229121.0,502.49,43.67,3.650617,94626849.9,74928399.8,1.18763305966537,178.64,0.358535,326.87,-0.16053900000000002,389794340880.0,39.2198,0.408466,1.361629,1.886797,931809000.0,0.4058,8.109755999999999,502.49,43.67,8.11055,1.8853,2.5897,3.861247,366.28,336.51312
2166792,15032374.0,-36.87,-0.02475,290.5420000000001,289.5,-0.71,-0.0004900000000000001,290.4000000000001,299.95,0.010767448756795,290.779,50.0,95459.0,290.5420000000001,8881339.0,283.002,270729941020.0,299.95,716.04,297.916,5992313.0,8881339.0,358.99800000000016,42.2,2.437296,10874354.1,15032374.03,1.1884678960995592,144.85399999999996,0.510761,243.63400000000001,0.041111,277601107960.0,39.2198,0.07174799999999999,0.9096200000000001,0.991231,186362000.0,2.0288,5.381544,358.99800000000016,42.2,5.381544,1.8853,2.5897,2.462046,283.714,279.74857
2166735,17719499.0,14.46,0.018090000000000002,162.726,162.35399999999996,-2.13,-0.0026200000000000004,162.3,166.94400000000005,0.0054210368337540005,162.747,1.0,63212.0,162.726,11663693.0,160.776,150823406730.0,165.4,-966.54,159.834,10518428.0,11663693.0,193.798,35.398,0.9006900000000001,15070236.3,17719499.13,1.1849549528042531,91.638,0.6649,127.598,-0.0149,148142942070.0,32.4521,0.095,-0.069,1.2693,185371000.0,-0.8418,2.500066,193.798,35.398,2.4454,1.8122,2.2116,0.8826,161.602,167.51454
2166699,19435909.0,-11.09,-0.02057,105.632,105.632,-1.16,-0.0022,105.4,112.0,0.013523722657158002,105.488,100.0,234860.0,105.632,17366520.0,102.45,97386894240.0,109.95,-105.88,107.85,21222745.0,17366520.0,193.798,35.398,0.232741999999999,22887293.8,19435908.9,1.284257954953896,75.42,-0.297202,130.858,0.260991,99431768250.0,21.5722,-0.307589,0.251334,1.2231610000000002,184389000.0,-4.9881,1.013855,193.798,35.398,1.013855,0.7364,1.7224,0.253312,102.87200000000001,95.53996
2166823,87424772.0,-25.16,-0.055990000000000005,424.23,443.14,-29.03,-0.06842999999999999,395.2,437.76,0.004105675923241001,423.93,200.0,289215.0,424.23,71777519.0,417.6,395301332070.0,429.27,1045.42,449.39,109476800.0,71777519.0,502.49,43.67,3.864639,86610790.5,87424772.47,1.252715660336679,195.6,0.421307,358.43,0.13605399999999998,418745646510.0,39.2198,0.121913,1.108799,4.86111,931809000.0,0.4058,8.227721,502.49,43.67,7.695017999999999,1.8853,2.5897,3.920629,380.36,407.73785
2166739,16814791.0,-10.72,-0.01295,163.376,163.534,0.88,0.00108,163.55200000000005,166.356,0.0072521642047070015,163.38800000000003,40.0,72271.0,163.376,9973240.0,162.4,151425862480.0,164.65800000000004,-970.4,165.52,12254584.0,9973240.0,193.798,35.398,0.910538,13272117.9,16814791.1,1.1665840723484655,93.974,0.444328,130.29399999999998,0.035574,153413039600.0,33.6421,0.130431,-0.007423999999999998,1.484987,185371000.0,-0.8418,3.294089999999999,193.798,35.398,3.29409,1.9086,2.327,0.923488,163.774,160.3649
2166803,15129454.0,-35.78,-0.01745,402.84,401.8,-13.75,-0.00683,400.09,425.8,0.0072229288998909985,403.12,1.0,144621.0,402.84,20022487.0,385.504,375370340400.0,425.62,992.8,409.996,21489559.0,20022487.0,425.8,42.2,3.747064,16207335.4,15129454.47,1.197351640729142,160.22000000000003,0.36933699999999997,278.766,0.116766,382038372760.0,39.2198,0.287409,1.509524,1.4586290000000002,186362000.0,2.0288,8.227909,419.098,42.2,8.227909,1.8853,2.5897,3.764514,404.668,423.52646
2166805,14073422.0,129.83,0.06417,430.634,434.20000000000016,-10.72,-0.00498,428.49,433.20000000000016,0.009001124731507,430.33400000000006,100.0,126518.0,430.634,14131459.0,410.7258,401269067540.0,412.0,1061.3,404.668,10658893.0,14131459.0,433.20000000000016,42.308,3.766768,17664777.0,14073421.53,1.187317315598338,163.596,0.30875,287.212,0.077087,377073689080.0,39.2198,0.314198,1.470893,1.598023,186362000.0,2.0288,8.410884,425.8,42.308,8.410884,1.8853,2.5897,3.7025980000000014,447.75,448.80972
2166781,15030013.0,-79.26,-0.049780000000000005,302.6140000000001,302.399,-29.07,-0.01921,296.8,337.8,0.005936300997675001,302.692,75.0,143679.0,302.6140000000001,24214492.0,296.154,280638171320.0,335.7800000000001,-1797.42,318.466,14161080.0,24214492.0,358.99800000000016,42.2,2.651074999999999,18489696.6,15030013.33,1.181245567845251,131.306,0.5534169999999999,214.088,0.061101,295338999080.0,39.2198,0.5895009999999999,1.256608,1.782821,185476000.0,-0.8418,5.120344,358.99800000000016,42.2,5.120344,1.8853,2.5897,2.700855,283.4000000000001,289.1292
2166657,15996314.0,-6.8,-0.01204,111.604,111.24,2.21,0.00396,112.046,112.88800000000002,0.015974307598007,111.50200000000001,100.0,217091.0,111.604,13590010.0,107.856,100580314900.0,108.21800000000002,-117.22,112.964,14353600.0,13590010.0,118.9,35.398,0.31856,20521569.0,16219277.03,1.361393762380736,56.992,0.6014,82.87200000000001,0.1064,100580314900.0,22.6425,0.3282,0.8847,1.1324,180245000.0,-4.7606,0.8786020000000001,118.9,35.398,0.9376,0.6329,1.7345000000000002,0.3306,113.38,146.68086
2166691,22046663.0,-101.55,-0.18578000000000008,89.01400000000002,89.01400000000002,7.93,0.017820000000000003,90.6,98.974,0.020459405003834003,88.88799999999998,20.0,415015.0,89.01400000000002,20284803.0,88.43400000000004,82066012230.0,93.7,-89.23,109.324,22640254.0,20284803.0,193.798,35.398,0.10192000000000001,17217462.2,22046663.33,1.175234098984634,73.416,-0.1598,131.658,-0.101,100790715180.0,21.8807,-0.3632,0.4328,1.2512,184389000.0,-4.9881,0.885157,193.798,35.398,1.0283,0.7010000000000001,1.7932,0.2877,86.04,78.64065
2166814,76102478.0,36.07,0.10923,366.28,364.48,8.7,0.02375,374.98,369.0,0.008689233194412001,368.5,50.0,681218.0,366.28,78488424.0,341.51,341303000520.0,356.99,902.61,330.21,115465691.0,78488424.0,502.49,43.67,2.946561,96141608.5,76102478.0,1.237328749981554,179.94,0.118226,329.63,-0.304894,307692649890.0,39.2198,0.163883,0.755185,1.7155429999999998,931809000.0,0.4058,6.122735,502.49,43.67,6.123042,1.8853,2.5897,2.8373310000000003,371.34,324.12192
2166778,14561182.0,142.16,0.09472,328.6,333.6,20.0,0.01217,332.6,330.0,0.011514770978669,332.802,100.0,196117.0,328.6,17031776.0,297.6,304737068000.0,303.898,-1951.77,300.168,9329972.0,17031776.0,358.99800000000016,42.2,2.582936,19582807.6,14561182.37,1.1753233435418151,127.21,0.694601,204.516,0.002525,278369799840.0,39.2198,0.49492,1.010879,1.742763,185476000.0,-0.8418,4.919538999999999,358.99800000000016,42.2,4.919539,1.8853,2.5897,2.488216,313.672,338.13034
2166742,15578951.0,-14.42,-0.017580000000000002,161.162,161.72000000000003,0.39,0.0004800000000000001,161.24,164.95000000000005,0.007853396275717,161.145,17.0,56894.0,161.162,7251839.0,160.33800000000005,149373805510.0,162.726,-957.25,164.04600000000005,11549530.0,7251839.0,193.798,35.398,0.8887790000000001,11379132.7,15578951.4,1.1637504533763992,95.724,0.12386400000000004,133.908,0.005725999999999999,152046855330.0,33.3336,0.066453,0.227908,1.485997,185371000.0,-0.8418,3.346741,193.798,35.398,3.346741,1.9521,2.3146,0.906359,167.0,157.51868
2166815,76116554.0,5.06,0.01381,371.34,369.83,4.17,0.01123,375.51,398.99,0.007308161605504002,371.2,300.0,614295.0,371.34,84116999.0,360.56,346017954060.0,387.44,915.08,366.28,79465769.0,84116999.0,502.49,43.67,3.270305999999999,98758738.9,76116553.63,1.251102336896353,181.42,0.221658,332.92,-0.181259,341303000520.0,39.2198,0.291018,0.7866449999999999,1.837928,931809000.0,0.4058,6.7749950000000005,502.49,43.67,6.775325,1.8853,2.5897,3.256496,372.72,336.84586
2166820,81647138.0,-18.33,-0.041490000000000006,423.43,423.0,0.27,0.00064,423.7,437.79,0.005945768441394001,423.205,13.0,453433.0,423.43,76352676.0,408.0,394555884870.0,416.15,1043.45,441.76,72546760.0,76352676.0,502.49,43.67,4.09215,88753922.2,81647137.73,1.2596364705768202,190.03,0.487387,349.35,0.189638,411635943840.0,39.2198,0.203286,1.227084,4.134356,931809000.0,0.4058,8.022876,502.49,43.67,8.023244,1.8853,2.5897,4.13364,442.15,441.52188
2166668,22646167.0,3.1,0.00402,154.876,154.69600000000003,-4.38,-0.00566,154.0,156.70120000000006,0.008037687549471999,154.80200000000005,5.0,93744.0,154.876,11663056.0,151.6,139578123100.0,153.63800000000003,-155.25,154.256,24689163.0,11663056.0,193.798,35.398,0.7966110000000001,31295963.3,22646166.73,1.376509162954312,61.44800000000001,0.792091,97.458,-0.130521,139019363600.0,30.3131,0.4694970000000001,1.235011,2.367888,180245000.0,-4.9881,1.465414,193.798,35.398,1.465414,1.1683,2.4397,0.7925909999999999,153.458,151.18315
2166760,11733516.0,7.46,0.0075000000000000015,200.356,199.76,-5.48,-0.00547,199.26,202.4,0.013884332469246,200.34400000000002,1.0,87861.0,200.356,6331152.0,198.80200000000002,185806147280.0,199.704,-1190.05,198.86400000000003,6362350.0,6331152.0,205.496,42.2,1.3498,12706451.4,11994844.3,1.137614691137658,108.572,0.2285,166.10000000000005,0.0026000000000000003,184422496320.0,40.6208,0.2172,1.2895,1.3718,185476000.0,-0.8418,3.527457,205.496,42.2,3.4461,1.9803,2.8274,1.3423,192.17,235.07196
2166669,22704188.0,-7.09,-0.00916,153.458,152.4,-15.08,-0.01965,150.442,157.95000000000005,0.009980155213316,153.46400000000003,82.0,118355.0,153.458,11859034.0,152.674,138300186050.0,155.57399999999996,-153.82,154.876,11697473.0,11859034.0,193.798,35.398,0.7906350000000001,31286861.3,22704188.27,1.3967498881227511,61.988,0.8673259999999999,99.23200000000001,0.05400800000000002,139578123100.0,30.3131,0.47540299999999996,1.212957,2.381424,180245000.0,-4.9881,1.4835,193.798,35.398,1.4835,1.1683,2.4397,0.7997949999999999,160.8,154.42468
2166702,19095643.0,21.87,0.043550000000000005,104.8,104.77100000000002,-8.4,-0.016030000000000003,103.12,108.59200000000001,0.011914744017448,104.764,63.0,211752.0,104.8,17772266.0,99.4,96619836000.0,100.25,-105.05,100.426,11998067.0,17772266.0,193.798,35.398,0.210589,21063172.5,19095643.17,1.1877378481913072,76.324,-0.41504,130.75799999999998,-0.005683,92587248570.0,20.0184,-0.32474899999999995,0.20032000000000005,1.084651,184389000.0,-4.9881,0.8022039999999999,193.798,35.398,0.7363930000000001,0.7986000000000001,1.7142,0.16703900000000002,96.31200000000001,108.3751
2166744,14740731.0,63.1,0.07557000000000001,179.62,179.54200000000003,-11.79,-0.013130000000000001,177.262,179.8,0.008434075035926001,179.61,21.0,125579.0,179.62,14913829.0,170.82000000000005,166575995600.0,171.76,-1066.88,167.0,11812489.0,14913829.0,193.798,35.398,1.04257,10013191.1,14740731.4,1.166166491951582,96.9,0.1076,137.306,0.0222,154872460000.0,33.9519,0.1906,0.1229,1.4935,185476000.0,-0.8418,3.4362980000000003,193.798,35.398,3.6656,1.8614,2.3474,0.9670000000000001,176.312,170.895
2166736,17357367.0,-5.62,-0.00691,161.602,161.97000000000003,3.09,0.003820000000000001,162.22000000000003,164.41400000000004,0.006780573722425001,161.65,100.0,65099.0,161.602,9605077.0,161.216,149781621710.0,163.034,-959.86,162.726,11698102.0,9605077.0,193.798,35.398,0.8841089999999999,14316337.5,17357366.67,1.170994768739497,92.218,0.5760689999999999,128.03799999999998,0.005214,150823406730.0,33.0573,0.090131,-0.113132,1.263101,185371000.0,-0.8418,2.961969,193.798,35.398,2.961969,1.8631,2.2697,0.891019,163.112,158.06215
2166708,19311697.0,3.39,0.006220000000000001,109.76799999999999,109.736,2.1,0.003830000000000001,110.18800000000002,111.44160000000004,0.005922312094,109.69400000000002,46.0,74639.0,109.76799999999999,12603017.0,106.666,101200058760.0,110.7,-110.03,109.09000000000002,17919784.0,12603017.0,193.798,35.398,0.29112000000000005,17138709.0,19088592.43,1.1542439824555355,77.99400000000001,-0.1834,129.47400000000002,0.1363,100574980050.0,21.8317,-0.1029,0.16290000000000002,1.2945,184389000.0,-4.9881,0.8861950000000001,193.798,35.398,0.9965,0.8831,1.6836,0.2849,114.6,112.1791
2166677,22871433.0,-33.88,-0.040630000000000006,159.982,159.798,-7.91,-0.009890000000000001,158.4,171.32000000000005,0.012364882095516,159.858,100.0,213004.0,159.982,17226529.0,157.4,147494604990.0,169.8,-160.36,166.75799999999995,15192163.0,17226529.0,193.798,35.398,0.8972450000000001,17967999.4,22871432.87,1.4448602567137658,66.808,0.743783,115.602,-0.02867,153741704310.0,36.7145,0.49419399999999997,1.479009,2.878093,184389000.0,-4.9881,1.7907419999999992,193.798,35.398,1.7907419999999998,1.7033,3.3455,0.937875,155.76,185.2014
